-- MySQL dump 10.13  Distrib 5.7.12, for Win32 (AMD64)
--
-- Host: 124.251.36.88    Database: generalcommand
-- ------------------------------------------------------
-- Server version	5.1.73

/*!40101 SET @OLD_CHARACTER_SET_CLIENT=@@CHARACTER_SET_CLIENT */;
/*!40101 SET @OLD_CHARACTER_SET_RESULTS=@@CHARACTER_SET_RESULTS */;
/*!40101 SET @OLD_COLLATION_CONNECTION=@@COLLATION_CONNECTION */;
/*!40101 SET NAMES utf8 */;
/*!40103 SET @OLD_TIME_ZONE=@@TIME_ZONE */;
/*!40103 SET TIME_ZONE='+00:00' */;
/*!40014 SET @OLD_UNIQUE_CHECKS=@@UNIQUE_CHECKS, UNIQUE_CHECKS=0 */;
/*!40014 SET @OLD_FOREIGN_KEY_CHECKS=@@FOREIGN_KEY_CHECKS, FOREIGN_KEY_CHECKS=0 */;
/*!40101 SET @OLD_SQL_MODE=@@SQL_MODE, SQL_MODE='NO_AUTO_VALUE_ON_ZERO' */;
/*!40111 SET @OLD_SQL_NOTES=@@SQL_NOTES, SQL_NOTES=0 */;

--
-- Table structure for table `command_type`
--

DROP TABLE IF EXISTS `command_type`;
/*!40101 SET @saved_cs_client     = @@character_set_client */;
/*!40101 SET character_set_client = utf8 */;
CREATE TABLE `command_type` (
  `id` int(11) NOT NULL,
  `type_name` varchar(45) DEFAULT NULL,
  PRIMARY KEY (`id`),
  UNIQUE KEY `id_UNIQUE` (`id`)
) ENGINE=InnoDB DEFAULT CHARSET=utf8;
/*!40101 SET character_set_client = @saved_cs_client */;

--
-- Dumping data for table `command_type`
--

LOCK TABLES `command_type` WRITE;
/*!40000 ALTER TABLE `command_type` DISABLE KEYS */;
INSERT INTO `command_type` VALUES (1,'开关型'),(2,'数字型'),(3,'枚举型'),(4,'报警型'),(5,'日期型'),(6,'时间型'),(7,'日期时间型'),(8,'单操作型'),(9,'输出型'),(10,'输入型'),(11,'事件型');
/*!40000 ALTER TABLE `command_type` ENABLE KEYS */;
UNLOCK TABLES;

--
-- Table structure for table `device`
--

DROP TABLE IF EXISTS `device`;
/*!40101 SET @saved_cs_client     = @@character_set_client */;
/*!40101 SET character_set_client = utf8 */;
CREATE TABLE `device` (
  `id` int(11) NOT NULL AUTO_INCREMENT,
  `device_name` varchar(45) NOT NULL,
  `user_id` int(11) NOT NULL,
  `device_class2_class1_id` int(11) NOT NULL,
  `device_class2_class2_id` int(11) NOT NULL,
  `device_model` varchar(45) NOT NULL,
  `device_modelID` int(11) DEFAULT NULL,
  `manufactureID` varchar(45) DEFAULT NULL,
  `up` int(11) DEFAULT '0',
  `syn` int(11) DEFAULT '0',
  `url` varchar(80) DEFAULT NULL,
  `thirdParameters` int(11) DEFAULT '0',
  `standby` int(11) DEFAULT '0',
  PRIMARY KEY (`id`),
  UNIQUE KEY `id_UNIQUE` (`id`),
  KEY `fk_device_user1_idx` (`user_id`),
  KEY `fk_device_class1_idx` (`device_class2_class1_id`,`device_class2_class2_id`),
  CONSTRAINT `fk_id` FOREIGN KEY (`device_class2_class1_id`, `device_class2_class2_id`) REFERENCES `device_class2` (`class1_id`, `class2_id`) ON DELETE NO ACTION ON UPDATE NO ACTION,
  CONSTRAINT `fk_device_user1` FOREIGN KEY (`user_id`) REFERENCES `user` (`id`) ON DELETE NO ACTION ON UPDATE NO ACTION
) ENGINE=InnoDB AUTO_INCREMENT=101 DEFAULT CHARSET=utf8 COMMENT='设备表';
/*!40101 SET character_set_client = @saved_cs_client */;

--
-- Dumping data for table `device`
--

LOCK TABLES `device` WRITE;
/*!40000 ALTER TABLE `device` DISABLE KEYS */;
INSERT INTO `device` VALUES (0,'test',1,1,1,'20170104',42,'6924575716026',0,0,'',0,0),(1,'',2,2,1,'abc',1,'6924575716026',1,1,'',0,1),(2,'',2,1,1,'def',2,'6924575716026',1,1,'',0,1),(3,'',2,1,1,'gd',3,'6924575716026',1,1,'',0,1),(4,'',2,1,1,'13',4,'6924575716026',1,1,'',0,1),(5,'',2,1,1,'aaaaaa',2,'6924575716026',1,1,'',0,1),(6,'',2,1,1,'abcde',2,'6924575716026',1,1,'',0,1),(7,'',2,1,1,'bbbbbb',2,'6924575716026',1,1,'',0,1),(8,'空调',1,3,1,'ZhanTing',1,'6924575716026',1,1,'',1,0),(9,'',3,6,3,'D5100101',1,'6924575716026',1,1,'',0,1),(10,'窗帘',3,7,1,'D5200102',2,'6924575716026',1,1,'',0,0),(11,'天花灯箱',3,6,3,'D5100102',3,'6924575716026',1,1,'',0,0),(12,'天花带灯',3,6,3,'D5100103',4,'6924575716026',1,1,'',0,0),(13,'展厅墙带灯',3,6,3,'D5100104',5,'6924575716026',1,1,'',0,0),(14,'墙面射灯',3,6,3,'D5100105',6,'6924575716026',1,1,'',0,0),(15,'射灯',3,6,3,'D5100106',7,'6924575716026',1,1,'',0,0),(16,'灯带',3,6,3,'D5100107',8,'6924575716026',1,1,'',0,0),(17,'吊灯',3,6,3,'D5100108',9,'6924575716026',1,1,'',0,0),(18,'灯箱',3,6,3,'D5100109',10,'6924575716026',1,1,'',0,0),(21,'投影仪',3,6,12,'TOUYINGYI',11,'6924575716026',1,1,'',0,0),(22,'四路开关',1,6,5,'HT4Switch',2,'6924575716026',1,1,'',0,0),(23,'投影机',3,6,12,'D5600101',12,'6924575716026',1,1,'',0,0),(25,'投影机伸缩',3,6,12,'D5600103',14,'6924575716026',1,1,'',0,0),(26,'水阀',3,8,10,'D5600103',15,'6924575716026',1,1,'',0,0),(28,'门锁',3,8,3,'D5600102',17,'6924575716026',1,1,'',0,0),(29,'地灯',3,6,3,'D5600102',18,'6924575716026',1,1,'',0,0),(30,'烟雾传感器',3,8,4,'D5600102',19,'6924575716026',1,1,'',0,0),(31,'燃气传感器',3,8,5,'D5600102',20,'6924575716026',1,1,'',0,0),(32,'水漏传感器',3,8,10,'D5600102',21,'6924575716026',1,1,'',0,0),(33,'欢迎模式',3,6,5,'D5600102',22,'6924575716026',1,1,'',0,0),(34,'离家模式',3,6,5,'D5600102',23,'6924575716026',1,1,'',0,0),(35,'自动导航',3,6,5,'D5600102',24,'6924575716026',1,1,'',0,0),(36,'影院模式',3,6,5,'D5600102',25,'6924575716026',1,1,'',0,0),(37,'电视遥控',3,6,1,'D5500101',26,'6924575716026',1,1,'',0,0),(38,'',3,6,5,'Switch_Cook',27,'6924575716026',1,1,'',0,1),(39,'',3,6,5,'Switch_Living',28,'6924575716026',1,1,'',0,1),(40,'',3,6,5,'Switch_Bed',29,'6924575716026',1,1,'',0,1),(41,'空调',1,3,1,'TEST',3,'6924575716026',1,1,'',0,0),(42,'',3,7,1,'HT',30,'6924575716026',1,1,'',0,1),(43,'',3,7,1,'HT',31,'6924575716026',1,1,'',0,1),(44,'',3,7,1,'HT',32,'6924575716026',1,1,'',0,1),(45,'',3,7,1,'HT',33,'6924575716026',1,1,'',0,1),(46,'红外探测器',3,8,7,'A1000101',34,'6924575716026',1,1,'',0,0),(47,'欧瑞博一路开关',1,3,8,'TCL',4,'6924575716026',1,1,'',0,0),(48,'四路开关',3,6,5,'4Switch',35,'6924575716026',1,1,'',0,0),(49,'四路开关',3,6,5,'4Swtich',36,'6924575716026',1,1,'',0,0),(50,'三路开关',3,6,5,'3Swtich',37,'6924575716026',1,1,'',0,0),(51,'烟灶',1,4,5,'YanZao',5,'6924575716026',1,1,'',0,0),(52,'冰箱',1,1,3,'BX',6,'6924575716026',1,1,'',0,0),(53,'智能热水器',1,5,1,'ZNRSQ',7,'6924575716026',1,1,'',0,0),(54,'分体空调',1,3,1,'Air',8,'6924575716026',0,1,'www.tcl.com',0,0),(55,'晾衣杆',1,7,5,'1',9,'6924575716026',1,1,'',0,0),(56,'欧瑞博一路开关',1,6,5,'000000000004',10,'6924575716026',1,1,'',0,0),(57,'净化器（高级）',1,3,5,'550',11,'6924575716026',1,1,'',0,0),(58,'欧瑞博二路开关',1,6,5,'123',12,'6924575716026',1,1,'',0,0),(59,'门锁',1,8,3,'orvibo',13,'6924575716026',1,1,'',0,0),(60,'欧瑞博门磁探测器',1,8,6,'orvibo',14,'6924575716026',1,1,'',0,0),(61,'窗帘',1,7,1,'orvibo',15,'6924575716026',1,1,'',0,0),(62,'空气盒子',1,3,10,'haier',16,'6924575716026',1,1,'',0,0),(63,'海尔空气盒子',1,3,10,'haier',17,'6924575716026',1,1,'',0,0),(64,'海尔冰箱',1,1,1,'haier',18,'6924575716026',1,1,'',0,0),(65,'欧瑞博三路开关',1,6,5,'orvibo_three',19,'6924575716026',1,1,'',0,0),(66,'欧瑞博调光',1,6,5,'orvibo',20,'6924575716026',1,1,'',0,0),(67,'欧瑞博窗帘',1,7,1,'orvibo',21,'6924575716026',1,0,'',0,0),(68,'温湿度传感器',1,7,3,'TT',22,'6924575716026',1,1,'www.tcl.com',0,0),(69,'智能晾衣机',1,7,5,'LYG1',23,'6924575716026',1,1,'',0,0),(72,'水漏报警',1,8,2,'orvibo',26,'6924575716026',1,1,'',0,0),(73,'欧瑞博rgb调光灯',1,6,3,'rgb ',27,'6924575716026',1,1,'',0,0),(74,'',4,9,1,'I',1,'6924575716026',1,1,'',0,1),(75,'',4,3,1,'I',2,'6924575716026',1,1,'',0,1),(76,'',4,1,1,'erterter ter ter',3,'6924575716026',1,1,'',0,1),(77,'',4,1,1,'erterter ter ter',4,'6924575716026',1,1,'',0,1),(78,'欧瑞博烟雾报警器',1,8,4,'orvibo_st',28,'6924575716026',1,1,'',0,0),(79,'欧瑞博燃气报警器',1,8,5,'orvibo_a',29,'6924575716026',1,0,'',0,0),(80,'测试',1,1,1,'TEST',30,'6924575716026',1,1,'www.tcl.com',1,1),(81,'gdfgd',4,1,1,'ertertert',5,'6924575716026',0,0,'ertertert',0,0),(82,'音响（90度）',1,6,8,'a',31,'6924575716026',1,1,'www.tcl.com',0,0),(83,'衣柜（90度）',1,6,7,'90度',32,'6924575716026',1,1,'www.tcl.com',0,0),(84,'鞋柜',1,6,6,'90度',33,'6924575716026',1,1,'www.tcl.com',0,0),(85,'床垫',1,6,9,'90度',34,'6924575716026',1,1,'www.tcl.com',0,0),(86,'翻转床（90度）',1,6,10,'一',35,'6924575716026',1,1,'www.tcl.com',0,0),(87,'升降机（90度）',1,6,11,'一',36,'6924575716026',1,1,'www.tcl.com',0,0),(88,'hantangmenci',1,1,1,'uis_contact',37,'6924575716026',0,0,'www.tcl',0,0),(89,'ht_zigbee_contact',1,8,6,'htz_contact',38,'6924575716026',0,0,'www.tcl.com',0,0),(90,'ht_uis_tem',1,8,10,'ht_uis_tem',39,'6924575716026',0,0,'www.tcl.com',0,0),(91,'hc_uis_plug',1,6,4,'ht_uis_plug',40,'6924575716026',0,0,'www.tcl.com',0,0),(92,'晾衣机',1,1,1,'610',41,'6924575716026',0,0,'',0,0),(94,'test1',1,1,1,'20170104',43,'6924575716026',0,0,'',0,0),(95,'midea_fans',1,3,7,'mfs',44,'6924575716026',0,0,'www.tcl.com',0,0),(96,'midea_fans_new',1,3,7,'mfn',45,'6924575716026',0,0,'www.tcl.com',0,0),(97,'midea_warmor',1,3,8,'mw',46,'6924575716026',0,0,'www.tcl.com',0,0),(98,'室内机',1,10,2,'01',47,'6924575716026',0,0,'www.tcl.com',0,0),(99,'4路开关',1,6,5,'华清',48,'6924575716026',0,0,'',0,0),(100,'净化器（800）',1,3,5,'800',49,'6924575716026',1,1,'www.tcl-smarthome.com',0,0);
/*!40000 ALTER TABLE `device` ENABLE KEYS */;
UNLOCK TABLES;

--
-- Table structure for table `device_class1`
--

DROP TABLE IF EXISTS `device_class1`;
/*!40101 SET @saved_cs_client     = @@character_set_client */;
/*!40101 SET character_set_client = utf8 */;
CREATE TABLE `device_class1` (
  `id` int(11) NOT NULL,
  `class_name` varchar(80) DEFAULT NULL,
  PRIMARY KEY (`id`),
  UNIQUE KEY `id_UNIQUE` (`id`)
) ENGINE=InnoDB DEFAULT CHARSET=utf8;
/*!40101 SET character_set_client = @saved_cs_client */;

--
-- Dumping data for table `device_class1`
--

LOCK TABLES `device_class1` WRITE;
/*!40000 ALTER TABLE `device_class1` DISABLE KEYS */;
INSERT INTO `device_class1` VALUES (0,'通用类'),(1,'冷藏冷冻类'),(2,'洗涤类'),(3,'空气调节类'),(4,'厨电类'),(5,'水处理类'),(6,'智能家具类'),(7,'家居五金类'),(8,'安防监控类'),(9,'健康类'),(10,'可视对讲类'),(11,'控制中心类'),(12,'家庭娱乐类'),(13,'控制面板类');
/*!40000 ALTER TABLE `device_class1` ENABLE KEYS */;
UNLOCK TABLES;

--
-- Table structure for table `device_class2`
--

DROP TABLE IF EXISTS `device_class2`;
/*!40101 SET @saved_cs_client     = @@character_set_client */;
/*!40101 SET character_set_client = utf8 */;
CREATE TABLE `device_class2` (
  `class2_name` varchar(45) DEFAULT NULL,
  `class1_id` int(11) NOT NULL,
  `class2_id` int(11) NOT NULL,
  PRIMARY KEY (`class1_id`,`class2_id`),
  KEY `fk_device_class2_device_class1_idx` (`class1_id`),
  KEY `fk_class2_idx` (`class2_id`),
  CONSTRAINT `fk_device_class2` FOREIGN KEY (`class1_id`) REFERENCES `device_class1` (`id`) ON DELETE NO ACTION ON UPDATE NO ACTION
) ENGINE=InnoDB DEFAULT CHARSET=utf8;
/*!40101 SET character_set_client = @saved_cs_client */;

--
-- Dumping data for table `device_class2`
--

LOCK TABLES `device_class2` WRITE;
/*!40000 ALTER TABLE `device_class2` DISABLE KEYS */;
INSERT INTO `device_class2` VALUES ('通用类',0,1),('冷藏箱',1,1),('冷冻箱',1,2),('冷藏冷冻箱',1,3),('酒柜',1,4),('商用冷藏陈列柜',1,5),('商用冷冻陈列柜',1,6),('家用玻璃门冷藏柜',1,7),('波轮洗衣机',2,1),('滚筒洗衣机',2,2),('干衣机',2,3),('波轮洗衣干衣机',2,4),('滚筒洗衣干衣机',2,5),('其他',2,6),('家用空调',3,1),('家用中央空调',3,2),('商用中央空调',3,3),('家用加湿器',3,4),('家用净化器',3,5),('除湿机',3,6),('风扇',3,7),('电暖气',3,8),('换风机',3,9),('空气盒子',3,10),('其他',3,11),('烤箱',4,1),('微波炉',4,2),('电饭煲',4,3),('油烟机',4,4),('打火灶',4,5),('煤气阀',4,6),('消毒柜',4,7),('豆浆机',4,8),('洗碗机',4,9),('其他',4,10),('电热水器',5,1),('燃气热水器',5,2),('太阳能热水器',5,3),('热泵热水器',5,4),('热水中心',5,5),('其他',5,6),('无',6,1),('扫地机器人',6,2),('灯具',6,3),('插座',6,4),('开关',6,5),('空着',6,6),('衣柜',6,7),('鞋柜',6,8),('多功能床垫',6,9),('升降床',6,10),('升降椅',6,11),('无',6,12),('窗帘',7,1),('门磁',7,2),('温湿传感器',7,3),('马桶',7,4),('晾衣杆',7,5),('摄像头',8,1),('报警器',8,2),('门锁',8,3),('烟雾探测器',8,4),('燃气探测器',8,5),('门磁探测器',8,6),('红外探测器',8,7),('安防遥控器',8,8),('红外转发器',8,9),('水位探测器',8,10),('体感车',9,1),('跑步机',9,2),('健身车',9,3),('手环',9,4),('手表',9,5),('智能秤',9,6),('血压计',9,7),('血糖计',9,8),('体温计',9,9),('足浴盆',9,10),('按摩仪',9,11),('血氧仪',9,12),('心电仪',9,13),('其他',9,14),('门口机',10,1),('室内机',10,2),('围墙机',10,3),('HC对讲管理模块',10,4),('物业管理机',10,5),('二次确认机',10,6),('网关',11,1),('手机',11,2),('车载控制终端',11,3),('移动控制终端',11,4),('台式控制终端',11,5),('智能电视',12,1),('智能音响',12,2),('投影仪',12,3),('场景面板',13,1);
/*!40000 ALTER TABLE `device_class2` ENABLE KEYS */;
UNLOCK TABLES;

--
-- Table structure for table `function`
--

DROP TABLE IF EXISTS `function`;
/*!40101 SET @saved_cs_client     = @@character_set_client */;
/*!40101 SET character_set_client = utf8 */;
CREATE TABLE `function` (
  `id` int(10) unsigned NOT NULL AUTO_INCREMENT,
  `device_id` int(11) NOT NULL,
  `gcmd_id` int(11) NOT NULL,
  `dis_type` int(11) DEFAULT NULL,
  `direction` int(11) DEFAULT '3',
  `parameter` varchar(5000) DEFAULT NULL,
  `function_number` int(11) DEFAULT NULL,
  `third_command` varchar(45) DEFAULT NULL,
  PRIMARY KEY (`id`),
  UNIQUE KEY `id_UNIQUE` (`id`),
  KEY `fk_idx` (`device_id`)
) ENGINE=InnoDB AUTO_INCREMENT=399 DEFAULT CHARSET=utf8 COMMENT='功能表';
/*!40101 SET character_set_client = @saved_cs_client */;

--
-- Dumping data for table `function`
--

LOCK TABLES `function` WRITE;
/*!40000 ALTER TABLE `function` DISABLE KEYS */;
INSERT INTO `function` VALUES (1,1,31,6,3,'{\"on\": 3, \"off\": 0, \"dison\": \"开机\", \"disoff\": \"关机\", \"defaultValue\": 0}',4,'xxx'),(6,1,47,2,3,'{\"Max\": 50, \"Min\": -10, \"Step\": 1, \"unit\": 1, \"disScaling\": 1, \"defaultValue\": 0}',2,NULL),(48,1,47,2,3,'{\"Max\": 50, \"Min\": -10, \"Step\": 1, \"unit\": 1, \"disScaling\": 1, \"defaultValue\": 0}',3,NULL),(56,1,38,3,3,'{\"date\": \"2016-01-01\", \"disDay\": \"日\", \"dayStep\": 1, \"disYear\": \"年\", \"maxDate\": \"2099-12-31\", \"minDate\": \"1970-01-01\", \"disMonth\": \"月\", \"yearStep\": 1, \"monthStep\": 1}',1,NULL),(57,1,31,6,3,'{\"on\": 1, \"off\": 0, \"dison\": \"开机\", \"disoff\": \"关机\", \"disonPic\": \"\", \"disoffPic\": \"\", \"defaultValue\": 0}',0,NULL),(59,1,47,2,3,'{\"Max\": 50, \"Min\": -10, \"Step\": 1, \"unit\": 1, \"disScaling\": 1, \"defaultValue\": 0}',5,NULL),(60,2,31,6,3,'{\"on\": 1, \"off\": 0, \"dison\": \"开机\", \"disoff\": \"关机\", \"disonPic\": \"\", \"disoffPic\": \"\", \"defaultValue\": 0}',0,NULL),(61,4,37,4,3,'{\"time\": \"12:00:00\", \"disHour\": \"时\", \"maxTime\": \"23:59:59\", \"minTime\": \"0:0:0\", \"hourStep\": 1, \"disMinute\": \"分\", \"disSecond\": \"秒\", \"minuteStep\": 1, \"secondStep\": 1}',1,NULL),(62,4,38,3,3,'{\"date\": \"2016-01-01\", \"disDay\": \"日\", \"dayStep\": 1, \"disYear\": \"年\", \"maxDate\": \"2099-12-31\", \"minDate\": \"1970-01-01\", \"disMonth\": \"月\", \"yearStep\": 1, \"monthStep\": 1}',2,NULL),(63,4,47,2,3,'{\"Max\": 5, \"Min\": -10, \"unit\": 1, \"DisScaling\": 1, \"DefaultValue\": 0}',3,NULL),(64,6,38,3,3,'{\"date\": \"2016-01-01\", \"disDay\": \"日\", \"dayStep\": 1, \"disYear\": \"年\", \"maxDate\": \"2099-12-31\", \"minDate\": \"1970-01-01\", \"disMonth\": \"月\", \"yearStep\": 1, \"monthStep\": 1}',1,NULL),(65,7,999999,0,2,'{\"alarmItem\": [{\"alarmcode\": 1, \"alarmclass\": 1, \"alarmstring\": \"超温\"}, {\"alarmcode\": 2, \"alarmclass\": 2, \"alarmstring\": \"传感器故障\"}, {\"alarmcode\": 3, \"alarmclass\": 3, \"alarmstring\": \"干烧故障\"}], \"disString\": \"\", \"alarmclass\": 1}',1,NULL),(66,1,32,6,3,'{\"on\": 1, \"off\": 0, \"dison\": \"开机\", \"disoff\": \"关机\", \"disonPic\": \"\", \"disoffPic\": \"\", \"defaultValue\": 0}',6,NULL),(67,8,31,6,3,'{\n    \"defaultValue\": 0,\n    \"disoff\": \"关机\",\n    \"dison\": \"开机\",\n    \"off\": 0,\n    \"on\": 1,\n    \"thirdoff\": \"off\",\n    \"thirdon\": \"on\"\n}\n',0,'adsfasdf'),(68,8,609,7,3,'{\n    \"DefaultValues\": 1,\n    \"ParameterItems\": [\n        \"制热\",\n        \"除湿\",\n        \"制冷\",\n        \"送风\",\n        \"自感\"\n    ],\n    \"ParameterNum\": 5,\n    \"ParameterValues\": [\n        1,\n        2,\n        3,\n        4,\n        5\n    ]\n}\n',1,'123'),(69,8,611,2,3,'{\n    \"DefaultValue\": 250,\n    \"Max\": 350,\n    \"Min\": 0,\n    \"Step\": 10,\n    \"disScaling\": 10,\n    \"unit\": 1\n}\n',2,''),(70,8,622,7,3,'{\"ParameterNum\": 4, \"DefaultValues\": 1, \"ParameterItems\": [\"自动\", \"低速\", \"中速\", \"高速\"], \"ParameterValues\": [1, 2, 3, 4]}',3,''),(71,8,999999,0,2,'{\"alarmItem\": [{\"alarmcode\": 651, \"alarmclass\": 3, \"alarmstring\": \"室内机总故障异常\"}, {\"alarmcode\": 653, \"alarmclass\": 3, \"alarmstring\": \"室内制热过载/高负荷异常\"}, {\"alarmcode\": 654, \"alarmclass\": 3, \"alarmstring\": \"室外模块故障\"}]}',4,''),(73,10,1201,7,3,'{\"ParameterNum\": 3, \"DefaultValues\": 0, \"ParameterItems\": [\"合\", \"开\", \"停止\"], \"ParameterValues\": [0, 1, 2]}',1,NULL),(80,17,1205,8,3,'{\n    \"DefaultValue\": 5,\n    \"Max\": 10,\n    \"Min\": 0,\n    \"Step\": 1,\n    \"disScaling\": 1,\n    \"unit\": 0\n}\n',1,NULL),(82,21,31,6,3,'{\"on\": 1, \"off\": 0, \"dison\": \"开机\", \"disoff\": \"关机\", \"disonPic\": \"\", \"disoffPic\": \"\", \"defaultValue\": 0}',0,NULL),(83,21,1206,7,3,'{\"ParameterNum\": 3, \"DefaultValues\": 0, \"ParameterItems\": [\"关\", \"开\", \"停\"], \"ParameterValues\": [0, 1, 2]}',1,NULL),(84,21,1207,7,3,'{\"ParameterNum\": 3, \"DefaultValues\": 2, \"ParameterItems\": [\"关\", \"开\", \"停\"], \"ParameterValues\": [0, 1, 2]}',2,NULL),(85,22,1203,6,3,'{\"on\": 1, \"off\": 0, \"dison\": \"打开\", \"disoff\": \"关闭\", \"defaultValue\": 0}',1,NULL),(86,22,1203,6,3,'{\"on\": 1, \"off\": 0, \"dison\": \"打开\", \"disoff\": \"关闭\", \"defaultValue\": 0}',2,NULL),(87,22,1203,6,3,'{\"on\": 1, \"off\": 0, \"dison\": \"打开\", \"disoff\": \"关闭\", \"defaultValue\": 0}',3,NULL),(88,22,1203,6,3,'{\"on\": 1, \"off\": 0, \"dison\": \"打开\", \"disoff\": \"关闭\", \"defaultValue\": 0}',4,NULL),(89,22,1203,6,3,'{\"on\": 1, \"off\": 0, \"dison\": \"打开\", \"disoff\": \"关闭\", \"defaultValue\": 0}',5,NULL),(90,22,999999,0,2,'{\"alarmItem\": [{\"alarmcode\": 1, \"alarmclass\": 1, \"alarmstring\": \"超温\"}, {\"alarmcode\": 2, \"alarmclass\": 2, \"alarmstring\": \"传感器故障\"}, {\"alarmcode\": 3, \"alarmclass\": 3, \"alarmstring\": \"干烧故障\"}], \"disString\": \"\", \"alarmclass\": 1}',6,NULL),(91,22,999999,0,2,'{\n    \"alarmItem\": [\n        {\n            \"alarmclass\": 1,\n            \"alarmcode\": 1,\n            \"alarmstring\": \"超温\"\n        }\n    ]\n}\n',6,NULL),(92,23,31,6,3,'{\"on\": 1, \"off\": 0, \"dison\": \"开机\", \"disoff\": \"关机\", \"disonPic\": \"\", \"disoffPic\": \"\", \"defaultValue\": 0}',0,NULL),(93,24,1207,7,3,'{\"ParameterNum\": 3, \"DefaultValues\": 2, \"ParameterItems\": [\"关\", \"开\", \"停\"], \"ParameterValues\": [0, 1, 2]}',1,NULL),(94,25,1206,7,3,'{\"ParameterNum\": 3, \"DefaultValues\": 0, \"ParameterItems\": [\"关\", \"开\", \"停\"], \"ParameterValues\": [0, 1, 2]}',1,NULL),(95,34,31,6,3,'{\"on\": 1, \"off\": 0, \"dison\": \"开机\", \"disoff\": \"关机\", \"disonPic\": \"\", \"disoffPic\": \"\", \"defaultValue\": 0}',0,NULL),(96,33,31,6,3,'{\"on\": 1, \"off\": 0, \"dison\": \"开机\", \"disoff\": \"关机\", \"disonPic\": \"\", \"disoffPic\": \"\", \"defaultValue\": 0}',0,NULL),(97,35,31,6,3,'{\"on\": 1, \"off\": 0, \"dison\": \"开机\", \"disoff\": \"关机\", \"disonPic\": \"\", \"disoffPic\": \"\", \"defaultValue\": 0}',0,NULL),(98,36,31,6,3,'{\"on\": 1, \"off\": 0, \"dison\": \"开机\", \"disoff\": \"关机\", \"disonPic\": \"\", \"disoffPic\": \"\", \"defaultValue\": 0}',0,NULL),(100,30,999999,0,2,'{\n    \"alarmItem\": [\n        {\n            \"alarmclass\": 1,\n            \"alarmcode\": 1410,\n            \"alarmstring\": \"烟雾报警\"\n        }\n    ]\n}\n',1,NULL),(101,31,999999,0,2,'{\n    \"alarmItem\": [\n        {\n            \"alarmclass\": 3,\n            \"alarmcode\": 1411,\n            \"alarmstring\": \"燃气报警\"\n        }\n    ]\n}\n',1,NULL),(102,32,999999,0,2,'{\n    \"alarmItem\": [\n        {\n            \"alarmclass\": 3,\n            \"alarmcode\": 1412,\n            \"alarmstring\": \"水漏报警\"\n        }\n    ]\n}\n',1,NULL),(103,28,1401,6,3,'{\n    \"defaultValue\": 0,\n    \"disoff\": \"关闭\",\n    \"dison\": \"打开\",\n    \"off\": 0,\n    \"on\": 1\n}\n',1,NULL),(106,26,1402,6,3,'{\n    \"defaultValue\": 0,\n    \"disoff\": \"关闭\",\n    \"dison\": \"打开\",\n    \"off\": 0,\n    \"on\": 1\n}\n',1,NULL),(107,27,1403,6,3,'{\n    \"defaultValue\": 0,\n    \"disoff\": \"关闭\",\n    \"dison\": \"打开\",\n    \"off\": 0,\n    \"on\": 1\n}\n',1,NULL),(108,23,1,0,2,'{\"on\": 1, \"off\": 0, \"dison\": \"开机\", \"disoff\": \"关机\", \"defaultValue\": 0}',1,NULL),(109,23,2,6,3,'{\"on\": 1, \"off\": 0, \"dison\": \"开\", \"disoff\": \"关\", \"defaultValue\": 0}',2,NULL),(110,24,1,0,2,'{\"on\": 1, \"off\": 0, \"dison\": \"开机\", \"disoff\": \"关机\", \"defaultValue\": 0}',1,NULL),(111,24,2,6,3,'{\"on\": 1, \"off\": 0, \"dison\": \"开\", \"disoff\": \"关\", \"defaultValue\": 0}',2,NULL),(112,24,3,6,2,'{\"on\": 1, \"off\": 0, \"dison\": \"\", \"disoff\": \"\", \"defaultValue\": 0}',3,NULL),(113,24,31,6,3,'{\"on\": 1, \"off\": 0, \"dison\": \"开机\", \"disoff\": \"关机\", \"disonPic\": \"\", \"disoffPic\": \"\", \"defaultValue\": 0}',4,NULL),(114,24,1,0,2,'{\"on\": 1, \"off\": 0, \"dison\": \"开机\", \"disoff\": \"关机\", \"defaultValue\": 0}',1,NULL),(115,24,2,6,3,'{\"on\": 1, \"off\": 0, \"dison\": \"开\", \"disoff\": \"关\", \"defaultValue\": 0}',2,NULL),(116,24,3,6,2,'{\"on\": 1, \"off\": 0, \"dison\": \"\", \"disoff\": \"\", \"defaultValue\": 0}',3,NULL),(117,24,7,5,2,'{\"Max\": 0, \"Min\": 0, \"unit\": 0, \"disScaling\": 1, \"DefaultValue\": 0}',4,NULL),(118,23,1,0,2,'{\"on\": 1, \"off\": 0, \"dison\": \"开机\", \"disoff\": \"关机\", \"defaultValue\": 0}',1,NULL),(119,23,2,6,3,'{\"on\": 1, \"off\": 0, \"dison\": \"开\", \"disoff\": \"关\", \"defaultValue\": 0}',2,NULL),(120,23,3,6,2,'{\"on\": 1, \"off\": 0, \"dison\": \"\", \"disoff\": \"\", \"defaultValue\": 0}',3,NULL),(121,23,31,6,3,'{\"on\": 1, \"off\": 0, \"dison\": \"开机\", \"disoff\": \"关机\", \"disonPic\": \"\", \"disoffPic\": \"\", \"defaultValue\": 0}',4,NULL),(122,23,2,6,3,'{\"on\": 1, \"off\": 0, \"dison\": \"开\", \"disoff\": \"关\", \"defaultValue\": 0}',1,NULL),(123,11,31,6,3,'{\n    \"defaultValue\": 0,\n    \"disoff\": \"关闭\",\n    \"dison\": \"打开\",\n    \"off\": 0,\n    \"on\": 1\n}\n',0,NULL),(124,15,31,6,3,'{\n    \"defaultValue\": 0,\n    \"disoff\": \"关闭\",\n    \"dison\": \"打开\",\n    \"off\": 0,\n    \"on\": 1\n}\n',0,NULL),(125,14,31,6,3,'{\"on\": 1, \"off\": 0, \"dison\": \"开机\", \"disoff\": \"关机\", \"disonPic\": \"\", \"disoffPic\": \"\", \"defaultValue\": 0}',0,NULL),(126,13,31,6,3,'{\n    \"defaultValue\": 0,\n    \"disoff\": \"关闭\",\n    \"dison\": \"打开\",\n    \"off\": 0,\n    \"on\": 1\n}\n',0,NULL),(127,12,31,6,3,'{\n    \"defaultValue\": 0,\n    \"disoff\": \"关闭\",\n    \"dison\": \"打开\",\n    \"off\": 0,\n    \"on\": 1\n}\n',0,NULL),(128,16,31,6,3,'{\n    \"defaultValue\": 0,\n    \"disoff\": \"关闭\",\n    \"dison\": \"打开\",\n    \"off\": 0,\n    \"on\": 1\n}\n',0,NULL),(129,29,31,6,3,'{\n    \"defaultValue\": 0,\n    \"disoff\": \"关闭\",\n    \"dison\": \"打开\",\n    \"off\": 0,\n    \"on\": 1\n}\n',0,NULL),(130,9,31,6,3,'{\"on\": 1, \"off\": 0, \"dison\": \"开机\", \"disoff\": \"关机\", \"disonPic\": \"\", \"disoffPic\": \"\", \"defaultValue\": 0}',0,NULL),(131,18,31,6,3,'{\"on\": 1, \"off\": 0, \"dison\": \"开机\", \"disoff\": \"关机\", \"disonPic\": \"\", \"disoffPic\": \"\", \"defaultValue\": 0}',0,NULL),(132,17,31,6,3,'{\n    \"defaultValue\": 0,\n    \"disoff\": \"关闭\",\n    \"dison\": \"打开\",\n    \"off\": 0,\n    \"on\": 1\n}\n',0,NULL),(133,37,31,6,3,'{\"on\": 1, \"off\": 0, \"dison\": \"开机\", \"disoff\": \"关机\", \"disonPic\": \"\", \"disoffPic\": \"\", \"defaultValue\": 0}',0,NULL),(134,41,31,6,3,'{\"on\": 1, \"off\": 0, \"dison\": \"开机\", \"disoff\": \"关机\", \"disonPic\": \"\", \"disoffPic\": \"\", \"defaultValue\": 0}',0,NULL),(136,41,609,7,3,'{\n    \"DefaultValues\": 0,\n    \"ParameterItems\": [\n        \"智能\",\n        \"制冷\",\n        \"除湿\",\n        \"制热\",\n        \"送风\"\n    ],\n    \"ParameterNum\": 5,\n    \"ParameterValues\": [\n        0,\n        1,\n        2,\n        3,\n        4\n    ]\n}\n',1,NULL),(137,41,611,8,3,'{\n    \"DefaultValue\": 16,\n    \"Max\": 35,\n    \"Min\": 0,\n    \"Step\": 1,\n    \"disScaling\": 1,\n    \"unit\": 1\n}\n',2,NULL),(138,41,622,7,3,'{\n    \"DefaultValues\": 1,\n    \"ParameterItems\": [\n        \"高风\",\n        \"中风\",\n        \"低风\",\n        \"自动\"\n    ],\n    \"ParameterNum\": 4,\n    \"ParameterValues\": [\n        1,\n        2,\n        3,\n        4\n    ]\n}\n',3,NULL),(139,41,619,8,2,'{\"Max\": 100, \"Min\": 0, \"unit\": 2, \"disScaling\": 1, \"DefaultValue\": 60}',4,NULL),(140,41,604,7,3,'{\n    \"DefaultValues\": 0,\n    \"ParameterItems\": [\n        \"上下摆风固定\",\n        \"上下摆风自动\",\n        \"左右摆风固定\",\n        \"左右摆风自动\"\n    ],\n    \"ParameterNum\": 4,\n    \"ParameterValues\": [\n        0,\n        1,\n        2,\n        3\n    ]\n}\n',5,NULL),(141,41,618,8,2,'{\n    \"DefaultValue\": 25,\n    \"Max\": 55,\n    \"Min\": 0,\n    \"Step\": 1,\n    \"disScaling\": 1,\n    \"unit\": 1\n}\n',6,NULL),(142,41,619,8,2,'{\n    \"DefaultValue\": 60,\n    \"Max\": 100,\n    \"Min\": 0,\n    \"Step\": 1,\n    \"disScaling\": 1,\n    \"unit\": 2\n}\n',7,NULL),(143,41,617,8,2,'{\n    \"DefaultValue\": 25,\n    \"Max\": 60,\n    \"Min\": -30,\n    \"Step\": 1,\n    \"disScaling\": 1,\n    \"unit\": 1\n}\n',8,NULL),(144,46,999999,0,2,'{\n    \"alarmItem\": [\n        {\n            \"alarmclass\": 2,\n            \"alarmcode\": 1450,\n            \"alarmstring\": \"红外有人\"\n        },\n        {\n            \"alarmclass\": 2,\n            \"alarmcode\": 1451,\n            \"alarmstring\": \"红外无人\"\n        }\n    ]\n}\n',1,NULL),(149,48,1203,6,3,'{\"on\": 1, \"off\": 0, \"dison\": \"打开\", \"disoff\": \"关闭\", \"defaultValue\": 0}',1,NULL),(150,48,1203,6,3,'{\"on\": 1, \"off\": 0, \"dison\": \"打开\", \"disoff\": \"关闭\", \"defaultValue\": 0}',2,NULL),(151,48,1203,6,3,'{\"on\": 1, \"off\": 0, \"dison\": \"打开\", \"disoff\": \"关闭\", \"defaultValue\": 0}',3,NULL),(152,48,1203,6,3,'{\"on\": 1, \"off\": 0, \"dison\": \"打开\", \"disoff\": \"关闭\", \"defaultValue\": 0}',4,NULL),(153,49,1203,6,3,'{\"on\": 1, \"off\": 0, \"dison\": \"打开\", \"disoff\": \"关闭\", \"defaultValue\": 0}',1,NULL),(154,49,1203,6,3,'{\"on\": 1, \"off\": 0, \"dison\": \"打开\", \"disoff\": \"关闭\", \"defaultValue\": 0}',2,NULL),(155,49,1203,6,3,'{\"on\": 1, \"off\": 0, \"dison\": \"打开\", \"disoff\": \"关闭\", \"defaultValue\": 0}',3,NULL),(156,49,1203,6,3,'{\"on\": 1, \"off\": 0, \"dison\": \"打开\", \"disoff\": \"关闭\", \"defaultValue\": 0}',4,NULL),(157,50,1203,6,3,'{\"on\": 1, \"off\": 0, \"dison\": \"打开\", \"disoff\": \"关闭\", \"defaultValue\": 0}',1,NULL),(158,50,1203,6,3,'{\"on\": 1, \"off\": 0, \"dison\": \"打开\", \"disoff\": \"关闭\", \"defaultValue\": 0}',2,NULL),(159,50,1203,6,3,'{\"on\": 1, \"off\": 0, \"dison\": \"打开\", \"disoff\": \"关闭\", \"defaultValue\": 0}',3,NULL),(160,51,31,6,3,'{\"on\": 1, \"off\": 0, \"dison\": \"开机\", \"disoff\": \"关机\", \"disonPic\": \"\", \"disoffPic\": \"\", \"defaultValue\": 0}',0,NULL),(161,51,761,8,3,'{\n    \"DefaultValue\": 0,\n    \"Max\": 100,\n    \"Min\": 0,\n    \"Step\": 1,\n    \"disScaling\": 1,\n    \"unit\": 2\n}\n',1,NULL),(162,51,762,8,3,'{\n    \"DefaultValue\": 0,\n    \"Max\": 100,\n    \"Min\": 0,\n    \"Step\": 1,\n    \"disScaling\": 1,\n    \"unit\": 2\n}\n',2,NULL),(163,51,772,6,3,'{\n    \"defaultValue\": 0,\n    \"disoff\": \"关\",\n    \"dison\": \"开\",\n    \"off\": 0,\n    \"on\": 1\n}\n',3,NULL),(164,51,752,7,3,'{\n    \"DefaultValues\": 0,\n    \"ParameterItems\": [\n        \"关\",\n        \"小档\",\n        \"中档\",\n        \"大档\"\n    ],\n    \"ParameterNum\": 4,\n    \"ParameterValues\": [\n        0,\n        1,\n        2,\n        3\n    ]\n}\n',4,NULL),(165,51,773,6,3,'{\n    \"defaultValue\": 0,\n    \"disoff\": \"关\",\n    \"dison\": \"开\",\n    \"off\": 0,\n    \"on\": 1\n}\n',5,NULL),(166,51,763,6,3,'{\n    \"defaultValue\": 0,\n    \"disoff\": \"关\",\n    \"dison\": \"开\",\n    \"off\": 0,\n    \"on\": 1\n}\n',6,NULL),(167,51,764,6,3,'{\n    \"defaultValue\": 0,\n    \"disoff\": \"关\",\n    \"dison\": \"开\",\n    \"off\": 0,\n    \"on\": 1\n}\n',7,NULL),(168,51,765,6,3,'{\n    \"defaultValue\": 0,\n    \"disoff\": \"关\",\n    \"dison\": \"开\",\n    \"off\": 0,\n    \"on\": 1\n}\n',8,NULL),(169,51,766,6,3,'{\n    \"defaultValue\": 0,\n    \"disoff\": \"关\",\n    \"dison\": \"开\",\n    \"off\": 0,\n    \"on\": 1\n}\n',9,NULL),(170,51,767,8,3,'{\n    \"DefaultValue\": 10,\n    \"Max\": 30,\n    \"Min\": 1,\n    \"Step\": 1,\n    \"disScaling\": 1,\n    \"unit\": 10\n}\n',10,NULL),(171,51,768,8,3,'{\n    \"DefaultValue\": 10,\n    \"Max\": 30,\n    \"Min\": 1,\n    \"Step\": 1,\n    \"disScaling\": 1,\n    \"unit\": 10\n}\n',11,NULL),(172,51,769,4,3,'{\n    \"disHour\": \"时\",\n    \"disMinute\": \"分\",\n    \"disSecond\": \"秒\",\n    \"hourStep\": 1,\n    \"maxTime\": \"23:59:59\",\n    \"minTime\": \"0:0:0\",\n    \"minuteStep\": 1,\n    \"secondStep\": 1,\n    \"time\": \"8:0:0\"\n}\n',12,NULL),(173,51,770,8,3,'{\n    \"DefaultValue\": 60,\n    \"Max\": 1440,\n    \"Min\": 0,\n    \"Step\": 1,\n    \"disScaling\": 1,\n    \"unit\": 10\n}\n',13,NULL),(174,51,771,7,3,'{\n    \"DefaultValues\": 0,\n    \"ParameterItems\": [\n        \"关\",\n        \"小档\",\n        \"中档\",\n        \"大档\"\n    ],\n    \"ParameterNum\": 4,\n    \"ParameterValues\": [\n        0,\n        1,\n        2,\n        3\n    ]\n}\n',14,NULL),(175,51,39,4,2,'{\"time\": \"12:0:0\", \"disHour\": \"时\", \"maxTime\": \"23:59:59\", \"minTime\": \"0:0:0\", \"hourStep\": 1, \"disMinute\": \"分\", \"disSecond\": \"秒\", \"minuteStep\": 1, \"secondStep\": 1}',15,NULL),(176,51,999999,0,2,'{\n    \"alarmItem\": [\n        {\n            \"alarmclass\": 3,\n            \"alarmcode\": 813,\n            \"alarmstring\": \"意外熄火\"\n        },\n        {\n            \"alarmclass\": 3,\n            \"alarmcode\": 814,\n            \"alarmstring\": \"灶具故障\"\n        },\n        {\n            \"alarmclass\": 2,\n            \"alarmcode\": 815,\n            \"alarmstring\": \"检测到异常烟雾\"\n        },\n        {\n            \"alarmclass\": 3,\n            \"alarmcode\": 816,\n            \"alarmstring\": \"烟机故障\"\n        }\n    ]\n}\n',16,NULL),(177,52,31,6,3,'{\"on\": 1, \"off\": 0, \"dison\": \"开机\", \"disoff\": \"关机\", \"disonPic\": \"\", \"disoffPic\": \"\", \"defaultValue\": 0}',0,NULL),(178,52,37,4,3,'{\"time\": \"12:00:00\", \"disHour\": \"时\", \"maxTime\": \"23:59:59\", \"minTime\": \"0:0:0\", \"hourStep\": 1, \"disMinute\": \"分\", \"disSecond\": \"秒\", \"minuteStep\": 1, \"secondStep\": 1}',1,NULL),(179,53,31,6,3,'{\"on\": 1, \"off\": 0, \"dison\": \"开机\", \"disoff\": \"关机\", \"disonPic\": \"\", \"disoffPic\": \"\", \"defaultValue\": 0}',0,NULL),(180,53,858,7,3,'{\n    \"DefaultValues\": 1,\n    \"ParameterItems\": [\n        \"即时加热\",\n        \"单人洗\",\n        \"双人洗\",\n        \"中保\",\n        \"峰谷电\",\n        \"半胆\",\n        \"晚浴\",\n        \"晨浴\",\n        \"MAX增容\"\n    ],\n    \"ParameterNum\": 9,\n    \"ParameterValues\": [\n        1,\n        2,\n        3,\n        4,\n        5,\n        6,\n        7,\n        8,\n        9\n    ]\n}\n',1,NULL),(181,53,851,8,3,'{\n    \"DefaultValue\": 60,\n    \"Max\": 75,\n    \"Min\": 30,\n    \"Step\": 1,\n    \"disScaling\": 1,\n    \"unit\": 1\n}\n',2,NULL),(182,53,855,7,3,'{\n    \"DefaultValues\": 1,\n    \"ParameterItems\": [\n        \"1500W\",\n        \"2500W\"\n    ],\n    \"ParameterNum\": 2,\n    \"ParameterValues\": [\n        1,\n        2\n    ]\n}\n',3,NULL),(183,53,861,7,3,'{\n    \"DefaultValues\": 1,\n    \"ParameterItems\": [\n        \"无预约\",\n        \"普通预约\",\n        \"模式预约\"\n    ],\n    \"ParameterNum\": 3,\n    \"ParameterValues\": [\n        1,\n        2,\n        3\n    ]\n}\n',4,NULL),(184,53,862,7,3,'{\n    \"DefaultValues\": 1,\n    \"ParameterItems\": [\n        \"单人洗\",\n        \"双人洗\",\n        \"中保\",\n        \"峰谷电\",\n        \"半胆\",\n        \"晚浴\",\n        \"晨浴\",\n        \"MAX增容\"\n    ],\n    \"ParameterNum\": 8,\n    \"ParameterValues\": [\n        1,\n        2,\n        3,\n        4,\n        5,\n        6,\n        7,\n        8\n    ]\n}\n',5,NULL),(185,53,863,8,3,'{\n    \"DefaultValue\": 60,\n    \"Max\": 75,\n    \"Min\": 30,\n    \"Step\": 1,\n    \"disScaling\": 1,\n    \"unit\": 1\n}\n',6,NULL),(186,53,864,7,3,'{\n    \"DefaultValues\": 1,\n    \"ParameterItems\": [\n        \"1500W\",\n        \"2500W\"\n    ],\n    \"ParameterNum\": 2,\n    \"ParameterValues\": [\n        1,\n        2\n    ]\n}\n',7,NULL),(187,53,852,4,3,'{\n    \"disHour\": \"时\",\n    \"disMinute\": \"分\",\n    \"disSecond\": \"秒\",\n    \"hourStep\": 1,\n    \"maxTime\": \"23:59:59\",\n    \"minTime\": \"0:0:0\",\n    \"minuteStep\": 1,\n    \"secondStep\": 1,\n    \"time\": \"12:0:0\"\n}\n',8,NULL),(188,53,865,5,2,'{\n    \"DefaultValue\": 30,\n    \"Max\": 100,\n    \"Min\": 0,\n    \"Step\": 1,\n    \"disScaling\": 1,\n    \"unit\": 1\n}\n',9,NULL),(189,53,860,7,2,'{\n    \"DefaultValues\": 1,\n    \"ParameterItems\": [\n        \"一档\",\n        \"二挡\",\n        \"三挡\",\n        \"四挡\",\n        \"五档\",\n        \"六档\"\n    ],\n    \"ParameterNum\": 6,\n    \"ParameterValues\": [\n        1,\n        2,\n        3,\n        4,\n        5,\n        6\n    ]\n}\n',10,NULL),(190,53,999999,0,2,'{\n    \"alarmItem\": [\n        {\n            \"alarmclass\": 1,\n            \"alarmcode\": 900,\n            \"alarmstring\": \"超温\"\n        },\n        {\n            \"alarmclass\": 2,\n            \"alarmcode\": 901,\n            \"alarmstring\": \"传感器故障\"\n        },\n        {\n            \"alarmclass\": 2,\n            \"alarmcode\": 902,\n            \"alarmstring\": \"干烧超温报警\"\n        }\n    ]\n}\n',11,NULL),(191,54,31,6,3,'{\"on\": 1, \"off\": 0, \"dison\": \"开机\", \"disoff\": \"关机\", \"disonPic\": \"\", \"disoffPic\": \"\", \"defaultValue\": 0}',0,NULL),(192,54,609,7,3,'{\n    \"DefaultValues\": 1,\n    \"ParameterItems\": [\n        \"制热\",\n        \"除湿\",\n        \"制冷\",\n        \"送风\",\n        \"自感\"\n    ],\n    \"ParameterNum\": 5,\n    \"ParameterValues\": [\n        1,\n        2,\n        3,\n        4,\n        5\n    ]\n}\n',1,NULL),(194,54,622,7,3,'{\"ParameterNum\": 4, \"DefaultValues\": 1, \"ParameterItems\": [\"自动\", \"低速\", \"中速\", \"高速\"], \"ParameterValues\": [1, 2, 3, 4]}',3,NULL),(195,54,611,8,3,'{\n    \"DefaultValue\": 250,\n    \"Max\": 310,\n    \"Min\": 160,\n    \"Step\": 10,\n    \"disScaling\": 10,\n    \"unit\": 1\n}\n',2,NULL),(196,54,624,6,3,'{\n    \"defaultValue\": 0,\n    \"disoff\": \"\",\n    \"dison\": \"\",\n    \"off\": 0,\n    \"on\": 1\n}\n',4,NULL),(197,54,604,7,3,'{\n    \"DefaultValues\": 0,\n    \"ParameterItems\": [\n        \"关\",\n        \"上下摆风\"\n    ],\n    \"ParameterNum\": 2,\n    \"ParameterValues\": [\n        0,\n        1\n    ]\n}\n',5,NULL),(198,54,605,7,3,'{\n    \"DefaultValues\": 0,\n    \"ParameterItems\": [\n        \"关\",\n        \"左右摆风\"\n    ],\n    \"ParameterNum\": 2,\n    \"ParameterValues\": [\n        0,\n        1\n    ]\n}\n',6,NULL),(199,54,623,6,3,'{\n    \"defaultValue\": 0,\n    \"disoff\": \"\",\n    \"dison\": \"\",\n    \"off\": 0,\n    \"on\": 1\n}\n',9,NULL),(200,54,612,6,3,'{\"on\": 1, \"off\": 0, \"dison\": \"打开\", \"disoff\": \"关闭\", \"defaultValue\": 0}',10,NULL),(201,54,999999,0,2,'{\n    \"alarmItem\": [\n        {\n            \"alarmclass\": 2,\n            \"alarmcode\": 669,\n            \"alarmstring\": \"室外盘管传感器异常\"\n        },\n        {\n            \"alarmclass\": 2,\n            \"alarmcode\": 689,\n            \"alarmstring\": \"室内温度传感器故障\"\n        },\n        {\n            \"alarmclass\": 3,\n            \"alarmcode\": 682,\n            \"alarmstring\": \"室内风机故障\"\n        },\n        {\n            \"alarmclass\": 3,\n            \"alarmcode\": 675,\n            \"alarmstring\": \"室内EEPROM故障\"\n        },\n        {\n            \"alarmclass\": 2,\n            \"alarmcode\": 662,\n            \"alarmstring\": \"室内外通信故障\"\n        },\n        {\n            \"alarmclass\": 2,\n            \"alarmcode\": 709,\n            \"alarmstring\": \"通信故障\"\n        },\n        {\n            \"alarmclass\": 3,\n            \"alarmcode\": 719,\n            \"alarmstring\": \"主板通信故障\"\n        },\n        {\n            \"alarmclass\": 3,\n            \"alarmcode\": 720,\n            \"alarmstring\": \"串口通信故障\"\n        }\n    ]\n}\n',11,NULL),(202,54,601,6,2,'{\"on\": 1, \"off\": 0, \"dison\": \"打开\", \"disoff\": \"关闭\", \"defaultValue\": 0}',7,NULL),(203,54,602,6,2,'{\"on\": 1, \"off\": 0, \"dison\": \"打开\", \"disoff\": \"关闭\", \"defaultValue\": 0}',8,NULL),(204,55,31,6,3,'{\"on\": 1, \"off\": 0, \"dison\": \"开机\", \"disoff\": \"关机\", \"disonPic\": \"\", \"disoffPic\": \"\", \"defaultValue\": 0}',0,''),(205,55,131,5,2,'{\"Max\": 1000, \"Min\": -500, \"unit\": 1, \"disScaling\": 10, \"DefaultValue\": 300}',1,''),(206,55,132,5,2,'{\"Max\": 100, \"Min\": 0, \"unit\": 2, \"disScaling\": 1, \"DefaultValue\": 50}',2,''),(207,56,31,6,3,'{\"on\": 1, \"off\": 0, \"dison\": \"开机\", \"disoff\": \"关机\", \"disonPic\": \"\", \"disoffPic\": \"\", \"defaultValue\": 0}',0,NULL),(208,57,31,6,3,'{\"on\": 1, \"off\": 0, \"dison\": \"开机\", \"disoff\": \"关机\", \"disonPic\": \"\", \"disoffPic\": \"\", \"defaultValue\": 0}',0,''),(209,57,625,6,3,'{\n    \"defaultValue\": 0,\n    \"disoff\": \"关闭\",\n    \"dison\": \"打开\",\n    \"off\": 0,\n    \"on\": 1\n}\n',1,''),(210,57,626,6,3,'{\n    \"defaultValue\": 0,\n    \"disoff\": \"关闭\",\n    \"dison\": \"打开\",\n    \"off\": 0,\n    \"on\": 1\n}\n',2,''),(215,57,609,7,3,'{\n    \"DefaultValues\": 0,\n    \"ParameterItems\": [\n        \"自动\",\n        \"睡眠\",\n        \"手动\"\n    ],\n    \"ParameterNum\": 3,\n    \"ParameterValues\": [\n        0,\n        1,\n        2\n    ]\n}\n',3,''),(219,57,627,8,3,'{\n    \"DefaultValue\": 0,\n    \"Max\": 12,\n    \"Min\": 0,\n    \"Step\": 1,\n    \"disScaling\": 1,\n    \"unit\": 9\n}\n',5,''),(223,57,608,7,3,'{\n    \"DefaultValues\": 1,\n    \"ParameterItems\": [\n        \"睡眠\",\n        \"一档\",\n        \"二挡\",\n        \"三挡\"\n    ],\n    \"ParameterNum\": 4,\n    \"ParameterValues\": [\n        1,\n        2,\n        3,\n        4\n    ]\n}\n',4,''),(225,58,1203,6,3,'{\n    \"defaultValue\": 0,\n    \"disoff\": \"关闭\",\n    \"dison\": \"打开\",\n    \"off\": 0,\n    \"on\": 1\n}\n',1,NULL),(226,58,1203,6,3,'{\"on\": 1, \"off\": 0, \"dison\": \"打开\", \"disoff\": \"关闭\", \"defaultValue\": 0}',2,NULL),(239,59,1401,6,2,'{\n    \"defaultValue\": 1,\n    \"disoff\": \"待机\",\n    \"dison\": \"有人\",\n    \"off\": 0,\n    \"on\": 1\n}\n',1,NULL),(240,61,1201,7,3,'{\n    \"DefaultValues\": 0,\n    \"ParameterItems\": [\n        \"关闭\",\n        \"打开\",\n        \"停止\"\n    ],\n    \"ParameterNum\": 3,\n    \"ParameterValues\": [\n        0,\n        1,\n        2\n    ]\n}\n',1,NULL),(241,57,632,5,2,'{\n    \"DefaultValue\": 1200,\n    \"Max\": 99999,\n    \"Min\": 0,\n    \"Step\": 1,\n    \"disScaling\": 1,\n    \"unit\": 9\n}\n',6,''),(244,57,633,8,2,'{\n    \"DefaultValue\": 30,\n    \"Max\": 2000,\n    \"Min\": 0,\n    \"Step\": 1,\n    \"disScaling\": 1,\n    \"unit\": 12\n}\n',7,''),(247,57,620,7,2,'{\n    \"DefaultValues\": 1,\n    \"ParameterItems\": [\n        \"优\",\n        \"良\",\n        \"差\"\n    ],\n    \"ParameterNum\": 3,\n    \"ParameterValues\": [\n        1,\n        2,\n        3\n    ]\n}\n',8,''),(248,57,999999,0,2,'{\n    \"alarmItem\": [\n        {\n            \"alarmclass\": 3,\n            \"alarmcode\": 718,\n            \"alarmstring\": \"电机故障\"\n        },\n        {\n            \"alarmclass\": 2,\n            \"alarmcode\": 687,\n            \"alarmstring\": \"缺水保护\"\n        },\n        {\n            \"alarmclass\": 2,\n            \"alarmcode\": 688,\n            \"alarmstring\": \"湿度传感器故障\"\n        },\n        {\n            \"alarmclass\": 1,\n            \"alarmcode\": 686,\n            \"alarmstring\": \"除尘网需清洗提示\"\n        },\n        {\n            \"alarmclass\": 3,\n            \"alarmcode\": 721,\n            \"alarmstring\": \"ESP打火保护\"\n        }\n    ]\n}\n',9,''),(249,63,636,6,3,'{\n    \"defaultValue\": 0,\n    \"disoff\": \"结束\",\n    \"dison\": \"开启\",\n    \"off\": 0,\n    \"on\": 1\n}\n',1,NULL),(253,63,618,8,2,'{\n    \"DefaultValue\": 25,\n    \"Max\": 75,\n    \"Min\": 0,\n    \"Step\": 1,\n    \"disScaling\": 1,\n    \"unit\": 1\n}\n',2,NULL),(254,63,619,8,2,'{\"Max\": 100, \"Min\": 0, \"unit\": 2, \"disScaling\": 1, \"DefaultValue\": 60}',3,NULL),(255,63,139,7,2,'{\n    \"DefaultValues\": 1,\n    \"ParameterItems\": [\n        \"优\",\n        \"良\",\n        \"中\",\n        \"差\"\n    ],\n    \"ParameterNum\": 4,\n    \"ParameterValues\": [\n        1,\n        2,\n        3,\n        4\n    ]\n}\n',4,NULL),(256,63,140,5,2,'{\n    \"DefaultValue\": 0,\n    \"Max\": 1023,\n    \"Min\": 0,\n    \"Step\": 1,\n    \"disScaling\": 1,\n    \"unit\": 0\n}\n',5,NULL),(257,63,620,7,2,'{\n    \"DefaultValues\": 0,\n    \"ParameterItems\": [\n        \"优\",\n        \"良\",\n        \"中\",\n        \"差\"\n    ],\n    \"ParameterNum\": 4,\n    \"ParameterValues\": [\n        0,\n        1,\n        2,\n        3\n    ]\n}\n',6,NULL),(258,63,133,5,2,'{\n    \"DefaultValue\": 20,\n    \"Max\": 1024,\n    \"Min\": 0,\n    \"Step\": 1,\n    \"disScaling\": 1,\n    \"unit\": 12\n}\n',7,NULL),(259,63,138,5,2,'{\n    \"DefaultValue\": 0,\n    \"Max\": 20,\n    \"Min\": 0,\n    \"Step\": 1,\n    \"disScaling\": 1,\n    \"unit\": 12\n}\n',8,NULL),(260,63,999999,0,2,'{\n    \"alarmItem\": [\n        {\n            \"alarmclass\": 2,\n            \"alarmcode\": 689,\n            \"alarmstring\": \"室内温度传感器故障\"\n        },\n        {\n            \"alarmclass\": 2,\n            \"alarmcode\": 688,\n            \"alarmstring\": \"湿度传感器故障\"\n        },\n        {\n            \"alarmclass\": 2,\n            \"alarmcode\": 725,\n            \"alarmstring\": \"VOC传感器故障\"\n        }\n    ]\n}\n',9,NULL),(262,64,201,6,2,'{\"on\": 1, \"off\": 0, \"dison\": \"打开\", \"disoff\": \"关闭\", \"defaultValue\": 0}',1,NULL),(263,64,202,6,3,'{\"on\": 1, \"off\": 0, \"dison\": \"打开\", \"disoff\": \"关闭\", \"defaultValue\": 0}',2,NULL),(275,65,1203,6,3,'{\"on\": 1, \"off\": 0, \"dison\": \"打开\", \"disoff\": \"关闭\", \"defaultValue\": 0}',1,NULL),(276,65,1203,6,3,'{\"on\": 1, \"off\": 0, \"dison\": \"打开\", \"disoff\": \"关闭\", \"defaultValue\": 0}',2,NULL),(277,65,1203,6,3,'{\"on\": 1, \"off\": 0, \"dison\": \"打开\", \"disoff\": \"关闭\", \"defaultValue\": 0}',3,NULL),(278,66,1205,8,3,'{\n    \"DefaultValue\": 50,\n    \"Max\": 250,\n    \"Min\": 1,\n    \"Step\": 1,\n    \"disScaling\": 1,\n    \"unit\": 0\n}\n',1,NULL),(279,67,1201,7,3,'{\n    \"DefaultValues\": 0,\n    \"ParameterItems\": [\n        \"关闭\",\n        \"打开\",\n        \"停止\"\n    ],\n    \"ParameterNum\": 3,\n    \"ParameterValues\": [\n        0,\n        1,\n        2\n    ]\n}\n',1,NULL),(280,68,47,8,3,'{\n    \"DefaultValue\": 0,\n    \"Max\": 50,\n    \"Min\": -50,\n    \"Step\": 1,\n    \"disScaling\": 100,\n    \"unit\": 1\n}\n',1,NULL),(281,68,48,5,2,'{\n    \"DefaultValue\": 0,\n    \"Max\": 100,\n    \"Min\": 0,\n    \"Step\": 1,\n    \"disScaling\": 100,\n    \"unit\": 2\n}\n',2,NULL),(282,66,31,6,3,'{\"on\": 1, \"off\": 0, \"dison\": \"开机\", \"disoff\": \"关机\", \"disonPic\": \"\", \"disoffPic\": \"\", \"defaultValue\": 0}',0,NULL),(283,70,1201,7,3,'{\n    \"DefaultValues\": 0,\n    \"ParameterItems\": [\n        \"关闭\",\n        \"打开\",\n        \"停止\"\n    ],\n    \"ParameterNum\": 3,\n    \"ParameterValues\": [\n        0,\n        1,\n        2\n    ]\n}\n',1,NULL),(284,69,1208,7,3,'{\n    \"DefaultValues\": 0,\n    \"ParameterItems\": [\n        \"自动\",\n        \"手动\"\n    ],\n    \"ParameterNum\": 2,\n    \"ParameterValues\": [\n        0,\n        1\n    ]\n}\n',1,''),(285,69,1209,7,3,'{\n    \"DefaultValues\": 0,\n    \"ParameterItems\": [\n        \"暂停\",\n        \"上升\",\n        \"上升至极限\",\n        \"下降\",\n        \"下降至极限\"\n    ],\n    \"ParameterNum\": 5,\n    \"ParameterValues\": [\n        0,\n        1,\n        2,\n        3,\n        4\n    ]\n}\n',2,''),(292,69,1204,6,3,'{\"on\": 1, \"off\": 0, \"dison\": \"开\", \"disoff\": \"关\", \"defaultValue\": 0}',12,''),(293,69,999999,0,2,'{\n    \"alarmItem\": [\n        {\n            \"alarmclass\": 3,\n            \"alarmcode\": 1350,\n            \"alarmstring\": \"电路故障\"\n        },\n        {\n            \"alarmclass\": 3,\n            \"alarmcode\": 1351,\n            \"alarmstring\": \"电机过热\"\n        }\n    ]\n}\n',17,''),(294,72,999999,0,2,'{\n    \"alarmItem\": [\n        {\n            \"alarmclass\": 3,\n            \"alarmcode\": 1412,\n            \"alarmstring\": \"水漏报警\"\n        }\n    ]\n}\n',1,NULL),(296,73,1205,8,3,'{\n    \"DefaultValue\": 50,\n    \"Max\": 255,\n    \"Min\": 1,\n    \"Step\": 1,\n    \"disScaling\": 1,\n    \"unit\": 0\n}\n',1,NULL),(297,73,1205,8,3,'{\n    \"DefaultValue\": 50,\n    \"Max\": 255,\n    \"Min\": 1,\n    \"Step\": 1,\n    \"disScaling\": 1,\n    \"unit\": 0\n}\n',2,NULL),(298,73,1205,8,3,'{\n    \"DefaultValue\": 50,\n    \"Max\": 255,\n    \"Min\": 1,\n    \"Step\": 1,\n    \"disScaling\": 1,\n    \"unit\": 0\n}\n',3,NULL),(299,78,999999,0,2,'{\n    \"alarmItem\": [\n        {\n            \"alarmclass\": 1,\n            \"alarmcode\": 1410,\n            \"alarmstring\": \"烟雾报警\"\n        }\n    ]\n}\n',1,NULL),(300,79,999999,0,2,'{\n    \"alarmItem\": [\n        {\n            \"alarmclass\": 3,\n            \"alarmcode\": 1411,\n            \"alarmstring\": \"燃气报警\"\n        }\n    ]\n}\n',1,NULL),(303,69,1210,6,3,'{\n    \"defaultValue\": 0,\n    \"disoff\": \"关闭\",\n    \"dison\": \"打开\",\n    \"off\": 0,\n    \"on\": 1,\n    \"thirdoff\": \"\",\n    \"thirdon\": \"\"\n}\n',3,''),(304,69,1211,7,3,'{\n    \"DefaultValues\": 0,\n    \"ParameterItems\": [\n        \"30Min\",\n        \"60Min\",\n        \"90Min\",\n        \"120Min\"\n    ],\n    \"ParameterNum\": 4,\n    \"ParameterValues\": [\n        0,\n        1,\n        2,\n        3\n    ]\n}\n',4,''),(305,69,1212,5,2,'{\n    \"DefaultValue\": 0,\n    \"Max\": 120,\n    \"Min\": 0,\n    \"Step\": 1,\n    \"disScaling\": 1,\n    \"unit\": 10\n}\n',5,''),(306,69,1213,6,3,'{\n    \"defaultValue\": 0,\n    \"disoff\": \"关闭\",\n    \"dison\": \"打开\",\n    \"off\": 0,\n    \"on\": 1,\n    \"thirdoff\": \"\",\n    \"thirdon\": \"\"\n}\n',6,''),(307,69,1214,7,3,'{\n    \"DefaultValues\": 0,\n    \"ParameterItems\": [\n        \"30Min\",\n        \"60Min\",\n        \"90Min\",\n        \"120Min\"\n    ],\n    \"ParameterNum\": 4,\n    \"ParameterValues\": [\n        0,\n        1,\n        2,\n        3\n    ]\n}\n',7,''),(308,69,1215,5,2,'{\n    \"DefaultValue\": 0,\n    \"Max\": 120,\n    \"Min\": 0,\n    \"Step\": 1,\n    \"disScaling\": 1,\n    \"unit\": 10\n}\n',8,''),(309,69,1216,6,3,'{\n    \"defaultValue\": 0,\n    \"disoff\": \"关闭\",\n    \"dison\": \"打开\",\n    \"off\": 0,\n    \"on\": 1,\n    \"thirdoff\": \"\",\n    \"thirdon\": \"\"\n}\n',9,''),(310,69,1217,7,3,'{\n    \"DefaultValues\": 0,\n    \"ParameterItems\": [\n        \"10Min\",\n        \"20Min\"\n    ],\n    \"ParameterNum\": 2,\n    \"ParameterValues\": [\n        0,\n        1\n    ]\n}\n',10,''),(311,69,1218,8,2,'{\n    \"DefaultValue\": 0,\n    \"Max\": 20,\n    \"Min\": 0,\n    \"Step\": 1,\n    \"disScaling\": 1,\n    \"unit\": 10\n}\n',11,''),(312,80,255,7,3,'{\n    \"DefaultValues\": 1,\n    \"ParameterItems\": [\n        \"一档\",\n        \"二挡\",\n        \"三挡\",\n        \"四挡\"\n    ],\n    \"ParameterNum\": 4,\n    \"ParameterValues\": [\n        1,\n        2,\n        3,\n        4\n    ],\n    \"ThirdParameters\": [\n        \"1\",\n        \"222\",\n        \"333\",\n        \"444\"\n    ]\n}\n',1,'asdf'),(313,80,132,5,2,'{\"Max\": 100, \"Min\": 0, \"unit\": 2, \"disScaling\": 1, \"DefaultValue\": 50}',2,''),(314,80,999999,0,2,'{\n    \"alarmItem\": [\n        {\n            \"alarmclass\": 1,\n            \"alarmcode\": 1,\n            \"alarmstring\": \"超温\",\n            \"thirdalarmcode\": \"a\"\n        },\n        {\n            \"alarmclass\": 2,\n            \"alarmcode\": 2,\n            \"alarmstring\": \"传感器故障\",\n            \"thirdalarmcode\": \"sdfsadfasdf\"\n        },\n        {\n            \"alarmclass\": 3,\n            \"alarmcode\": 3,\n            \"alarmstring\": \"干烧故障\",\n            \"thirdalarmcode\": \"asdfasdfasdf\"\n        },\n        {\n            \"alarmclass\": 2,\n            \"alarmcode\": 309,\n            \"alarmstring\": \"变温室1温度传感器故障\",\n            \"thirdalarmcode\": \"sdf\"\n        }\n    ]\n}\n',3,'asdfasdf'),(315,70,1205,8,3,'{\n    \"DefaultValue\": 50,\n    \"Max\": 100,\n    \"Min\": 0,\n    \"Step\": 1,\n    \"disScaling\": 1,\n    \"unit\": 0\n}\n',2,NULL),(316,82,56,6,3,'{\n    \"defaultValue\": 0,\n    \"disoff\": \"暂停\",\n    \"dison\": \"播放\",\n    \"off\": 0,\n    \"on\": 1\n}\n',1,NULL),(317,82,57,10,1,'{\n    \"dispara\": \"下一首\",\n    \"para\": 0\n}\n',2,NULL),(318,82,58,10,1,'{\n    \"dispara\": \"上一首\",\n    \"para\": 0\n}\n',3,NULL),(319,82,59,8,3,'{\n    \"DefaultValue\": 10,\n    \"Max\": 100,\n    \"Min\": 0,\n    \"Step\": 10,\n    \"disScaling\": 1,\n    \"unit\": 0\n}\n',4,NULL),(320,82,62,6,3,'{\n    \"defaultValue\": 0,\n    \"disoff\": \"关闭\",\n    \"dison\": \"打开\",\n    \"off\": 0,\n    \"on\": 1\n}\n',5,NULL),(321,83,31,6,3,'{\"on\": 1, \"off\": 0, \"dison\": \"开机\", \"disoff\": \"关机\", \"disonPic\": \"\", \"disoffPic\": \"\", \"defaultValue\": 0}',0,NULL),(322,83,44,6,3,'{\"on\": 1, \"off\": 0, \"dison\": \"允许定时事件\", \"disoff\": \"不允许定时事件\", \"defaultValue\": 0}',4,NULL),(323,83,63,4,3,'{\r     \"disHour\": \"时\",\r     \"disMinute\": \"分\",\r     \"disSecond\": \"秒\",\r     \"hourStep\": 1,\r     \"maxTime\": \"23:59:59\",\r     \"minTime\": \"0:0:0\",\r     \"minuteStep\": 1,\r     \"secondStep\": 1,\r     \"time\": \"12:0:0\"\r }\r ',5,NULL),(324,83,1001,6,3,'{\n    \"defaultValue\": 0,\n    \"disoff\": \"停止\",\n    \"dison\": \"启动\",\n    \"off\": 0,\n    \"on\": 1\n}\n',1,NULL),(325,83,1002,6,3,'{\n    \"defaultValue\": 0,\n    \"disoff\": \"停止\",\n    \"dison\": \"启动\",\n    \"off\": 0,\n    \"on\": 1\n}\n',2,NULL),(326,83,1003,6,3,'{\n    \"defaultValue\": 0,\n    \"disoff\": \"停止\",\n    \"dison\": \"启动\",\n    \"off\": 0,\n    \"on\": 1\n}\n',3,NULL),(327,83,1004,6,3,'{\n    \"defaultValue\": 0,\n    \"disoff\": \"停止\",\n    \"dison\": \"启动\",\n    \"off\": 0,\n    \"on\": 1\n}\n',6,NULL),(328,84,31,6,3,'{\"on\": 1, \"off\": 0, \"dison\": \"开机\", \"disoff\": \"关机\", \"disonPic\": \"\", \"disoffPic\": \"\", \"defaultValue\": 0}',0,NULL),(329,84,1001,6,3,'{\n    \"defaultValue\": 0,\n    \"disoff\": \"停止\",\n    \"dison\": \"启动\",\n    \"off\": 0,\n    \"on\": 1\n}\n',1,NULL),(330,84,1002,6,3,'{\n    \"defaultValue\": 0,\n    \"disoff\": \"停止\",\n    \"dison\": \"启动\",\n    \"off\": 0,\n    \"on\": 1\n}\n',2,NULL),(331,84,1003,6,3,'{\n    \"defaultValue\": 0,\n    \"disoff\": \"停止\",\n    \"dison\": \"启动\",\n    \"off\": 0,\n    \"on\": 1\n}\n',3,NULL),(332,84,44,6,3,'{\"on\": 1, \"off\": 0, \"dison\": \"允许定时事件\", \"disoff\": \"不允许定时事件\", \"defaultValue\": 0}',4,NULL),(333,84,63,4,3,'{\r     \"disHour\": \"时\",\r     \"disMinute\": \"分\",\r     \"disSecond\": \"秒\",\r     \"hourStep\": 1,\r     \"maxTime\": \"23:59:59\",\r     \"minTime\": \"0:0:0\",\r     \"minuteStep\": 1,\r     \"secondStep\": 1,\r     \"time\": \"12:0:0\"\r }\r ',5,NULL),(334,84,1004,6,3,'{\n    \"defaultValue\": 0,\n    \"disoff\": \"停止\",\n    \"dison\": \"启动\",\n    \"off\": 0,\n    \"on\": 1\n}\n',6,NULL),(335,85,31,6,3,'{\"on\": 1, \"off\": 0, \"dison\": \"开机\", \"disoff\": \"关机\", \"disonPic\": \"\", \"disoffPic\": \"\", \"defaultValue\": 0}',0,NULL),(336,85,40,4,3,'{\"time\": \"12:0:0\", \"disHour\": \"时\", \"maxTime\": \"23:59:59\", \"minTime\": \"0:0:0\", \"hourStep\": 1, \"disMinute\": \"分\", \"disSecond\": \"秒\", \"minuteStep\": 1, \"secondStep\": 1}',5,NULL),(337,85,41,4,3,'{\"time\": \"12:0:0\", \"disHour\": \"时\", \"maxTime\": \"23:59:59\", \"minTime\": \"0:0:0\", \"hourStep\": 1, \"disMinute\": \"分\", \"disSecond\": \"秒\", \"minuteStep\": 1, \"secondStep\": 1}',3,NULL),(338,85,45,6,3,'{\"on\": 1, \"off\": 0, \"dison\": \"允许定时开机\", \"disoff\": \"不允许定时开机\", \"defaultValue\": 0}',2,NULL),(339,85,46,6,3,'{\"on\": 1, \"off\": 0, \"dison\": \"允许定时关机\", \"disoff\": \"不允许定时关机\", \"defaultValue\": 0}',4,NULL),(340,85,56,6,3,'{\n    \"defaultValue\": 0,\n    \"disoff\": \"暂停\",\n    \"dison\": \"播放\",\n    \"off\": 0,\n    \"on\": 1\n}\n',11,NULL),(341,85,57,10,1,'{\n    \"dispara\": \"下一首\",\n    \"para\": 0\n}\n',10,NULL),(342,85,58,10,1,'{\n    \"dispara\": \"上一首\",\n    \"para\": 0\n}\n',9,NULL),(343,85,62,6,3,'{\n    \"defaultValue\": 0,\n    \"disoff\": \"关闭\",\n    \"dison\": \"打开\",\n    \"off\": 0,\n    \"on\": 1\n}\n',12,NULL),(344,85,1005,8,3,'{\n    \"DefaultValue\": 10,\n    \"Max\": 100,\n    \"Min\": 0,\n    \"Step\": 10,\n    \"disScaling\": 1,\n    \"unit\": 0\n}\n',1,NULL),(345,85,1006,6,3,'{\n    \"defaultValue\": 0,\n    \"disoff\": \"停止\",\n    \"dison\": \"启动\",\n    \"off\": 0,\n    \"on\": 1\n}\n',6,NULL),(346,85,1007,6,3,'{\n    \"defaultValue\": 0,\n    \"disoff\": \"停止\",\n    \"dison\": \"启动\",\n    \"off\": 0,\n    \"on\": 1\n}\n',7,NULL),(347,85,1019,6,3,'{\n    \"defaultValue\": 0,\n    \"disoff\": \"停止\",\n    \"dison\": \"启动\",\n    \"off\": 0,\n    \"on\": 1\n}\n',8,NULL),(348,85,1020,6,3,'{\n    \"defaultValue\": 0,\n    \"disoff\": \"单人\",\n    \"dison\": \"双人\",\n    \"off\": 0,\n    \"on\": 1\n}\n',13,NULL),(349,86,1008,10,1,'{\n    \"dispara\": \"\",\n    \"para\": 0\n}\n',1,NULL),(350,86,1009,10,1,'{\n    \"dispara\": \"\",\n    \"para\": 0\n}\n',2,NULL),(351,87,1015,10,1,'{\n    \"dispara\": \"\",\n    \"para\": 0\n}\n',1,NULL),(352,87,1016,10,1,'{\n    \"dispara\": \"\",\n    \"para\": 0\n}\n',2,NULL),(353,87,999999,0,2,'{\n    \"alarmItem\": [\n        {\n            \"alarmclass\": 3,\n            \"alarmcode\": 301,\n            \"alarmstring\": \"压缩机故障\"\n        },\n        {\n            \"alarmclass\": 2,\n            \"alarmcode\": 302,\n            \"alarmstring\": \"环温传感器故障\"\n        }\n    ]\n}\n',3,NULL),(355,69,64,6,3,'{\n    \"defaultValue\": 0,\n    \"disoff\": \"设置无效\",\n    \"dison\": \"设置有效\",\n    \"off\": 0,\n    \"on\": 1,\n    \"thirdoff\": \"\",\n    \"thirdon\": \"\"\n}\n',13,''),(356,69,65,4,3,'{\n    \"disHour\": \"H\",\n    \"disMinute\": \"M\",\n    \"disSecond\": \"S\",\n    \"hourStep\": 1,\n    \"maxTime\": \"23:59:59\",\n    \"minTime\": \"0:0:0\",\n    \"minuteStep\": 1,\n    \"secondStep\": 1,\n    \"time\": \"6:0:0\"\n}\n',14,''),(357,69,66,4,3,'{\n    \"disHour\": \"H\",\n    \"disMinute\": \"M\",\n    \"disSecond\": \"S\",\n    \"hourStep\": 1,\n    \"maxTime\": \"23:59:59\",\n    \"minTime\": \"0:0:0\",\n    \"minuteStep\": 1,\n    \"secondStep\": 1,\n    \"time\": \"6:0:0\"\n}\n',15,''),(360,69,37,4,3,'{\"time\": \"12:00:00\", \"disHour\": \"时\", \"maxTime\": \"23:59:59\", \"minTime\": \"0:0:0\", \"hourStep\": 1, \"disMinute\": \"分\", \"disSecond\": \"秒\", \"minuteStep\": 1, \"secondStep\": 1}',16,NULL),(361,95,31,6,3,'{\n    \"defaultValue\": 0,\n    \"disoff\": \"关机\",\n    \"dison\": \"开机\",\n    \"off\": 0,\n    \"on\": 1\n}\n',0,NULL),(362,95,1208,7,3,'{\n    \"DefaultValues\": 0,\n    \"ParameterItems\": [\n        \"自动\",\n        \"手动\"\n    ],\n    \"ParameterNum\": 2,\n    \"ParameterValues\": [\n        0,\n        1\n    ]\n}\n',1,NULL),(363,95,47,2,3,'{\"Max\": 50, \"Min\": -10, \"Step\": 1, \"unit\": 1, \"disScaling\": 1, \"defaultValue\": 0}',2,NULL),(364,95,1208,7,3,'{\n    \"DefaultValues\": 0,\n    \"ParameterItems\": [\n        \"自动\",\n        \"手动\"\n    ],\n    \"ParameterNum\": 2,\n    \"ParameterValues\": [\n        0,\n        1\n    ]\n}\n',3,NULL),(365,96,31,6,3,'{\"on\": 1, \"off\": 0, \"dison\": \"开机\", \"disoff\": \"关机\", \"disonPic\": \"\", \"disoffPic\": \"\", \"defaultValue\": 0}',0,NULL),(366,96,1208,7,3,'{\n    \"DefaultValues\": 0,\n    \"ParameterItems\": [\n        \"自动\",\n        \"手动\"\n    ],\n    \"ParameterNum\": 2,\n    \"ParameterValues\": [\n        0,\n        1\n    ]\n}\n',1,NULL),(367,96,1208,7,3,'{\n    \"DefaultValues\": 0,\n    \"ParameterItems\": [\n        \"自动\",\n        \"手动\"\n    ],\n    \"ParameterNum\": 2,\n    \"ParameterValues\": [\n        0,\n        1\n    ]\n}\n',2,NULL),(368,96,612,6,3,'{\"on\": 1, \"off\": 0, \"dison\": \"打开\", \"disoff\": \"关闭\", \"defaultValue\": 0}',3,NULL),(369,96,1208,7,3,'{\n    \"DefaultValues\": 0,\n    \"ParameterItems\": [\n        \"自动\",\n        \"手动\"\n    ],\n    \"ParameterNum\": 2,\n    \"ParameterValues\": [\n        0,\n        1\n    ]\n}\n',4,NULL),(370,96,47,2,3,'{\"Max\": 50, \"Min\": -10, \"Step\": 1, \"unit\": 1, \"disScaling\": 1, \"defaultValue\": 0}',5,NULL),(371,97,31,6,3,'{\"on\": 1, \"off\": 0, \"dison\": \"开机\", \"disoff\": \"关机\", \"disonPic\": \"\", \"disoffPic\": \"\", \"defaultValue\": 0}',0,NULL),(372,97,1208,7,3,'{\n    \"DefaultValues\": 0,\n    \"ParameterItems\": [\n        \"自动\",\n        \"手动\"\n    ],\n    \"ParameterNum\": 2,\n    \"ParameterValues\": [\n        0,\n        1\n    ]\n}\n',1,NULL),(373,97,1208,7,3,'{\n    \"DefaultValues\": 0,\n    \"ParameterItems\": [\n        \"自动\",\n        \"手动\"\n    ],\n    \"ParameterNum\": 2,\n    \"ParameterValues\": [\n        0,\n        1\n    ]\n}\n',2,NULL),(374,98,1701,7,3,'{\n    \"DefaultValues\": 2,\n    \"ParameterItems\": [\n        \"撤防\",\n        \"外出\",\n        \"在家\",\n        \"就寝\"\n    ],\n    \"ParameterNum\": 4,\n    \"ParameterValues\": [\n        0,\n        1,\n        2,\n        3\n    ]\n}\n',1,NULL),(375,99,1021,6,3,'{\n    \"defaultValue\": 0,\n    \"disoff\": \"关\",\n    \"dison\": \"开\",\n    \"off\": 0,\n    \"on\": 1,\n    \"thirdoff\": \"\",\n    \"thirdon\": \"\"\n}\n',1,NULL),(376,99,1022,6,3,'{\n    \"defaultValue\": 0,\n    \"disoff\": \"关\",\n    \"dison\": \"开\",\n    \"off\": 0,\n    \"on\": 1,\n    \"thirdoff\": \"\",\n    \"thirdon\": \"\"\n}\n',2,NULL),(377,99,1023,6,3,'{\n    \"defaultValue\": 0,\n    \"disoff\": \"关\",\n    \"dison\": \"开\",\n    \"off\": 0,\n    \"on\": 1,\n    \"thirdoff\": \"\",\n    \"thirdon\": \"\"\n}\n',3,NULL),(378,99,1024,6,3,'{\n    \"defaultValue\": 0,\n    \"disoff\": \"关\",\n    \"dison\": \"开\",\n    \"off\": 0,\n    \"on\": 1,\n    \"thirdoff\": \"\",\n    \"thirdon\": \"\"\n}\n',4,NULL),(379,100,31,6,3,'{\"on\": 1, \"off\": 0, \"dison\": \"开机\", \"disoff\": \"关机\", \"disonPic\": \"\", \"disoffPic\": \"\", \"defaultValue\": 0}',0,''),(380,100,625,6,3,'{\n    \"defaultValue\": 0,\n    \"disoff\": \"关闭\",\n    \"dison\": \"打开\",\n    \"off\": 0,\n    \"on\": 1\n}\n',1,''),(385,100,608,7,3,'{\n    \"DefaultValues\": 1,\n    \"ParameterItems\": [\n        \"一档\",\n        \"二档\",\n        \"三档\",\n        \"四档\",\n        \"五档\"\n    ],\n    \"ParameterNum\": 5,\n    \"ParameterValues\": [\n        1,\n        2,\n        3,\n        4,\n        5\n    ]\n}\n',5,''),(386,100,609,7,3,'{\n    \"DefaultValues\": 0,\n    \"ParameterItems\": [\n        \"自动\",\n        \"睡眠\",\n        \"手动\"\n    ],\n    \"ParameterNum\": 3,\n    \"ParameterValues\": [\n        0,\n        1,\n        2\n    ]\n}\n',4,''),(387,100,611,8,2,'{\n    \"DefaultValue\": 25,\n    \"Max\": 35,\n    \"Min\": 0,\n    \"Step\": 0,\n    \"disScaling\": 1,\n    \"unit\": 1\n}\n',9,''),(388,100,619,8,2,'{\"Max\": 100, \"Min\": 0, \"unit\": 2, \"disScaling\": 1, \"DefaultValue\": 60}',10,''),(389,100,620,7,2,'{\n    \"DefaultValues\": 1,\n    \"ParameterItems\": [\n        \"优\",\n        \"良\",\n        \"差\",\n        \"差\"\n    ],\n    \"ParameterNum\": 4,\n    \"ParameterValues\": [\n        1,\n        2,\n        3,\n        4\n    ]\n}\n',12,''),(390,100,626,6,3,'{\n    \"defaultValue\": 0,\n    \"disoff\": \"关闭\",\n    \"dison\": \"打开\",\n    \"off\": 0,\n    \"on\": 1\n}\n',2,''),(391,100,630,6,3,'{\n    \"defaultValue\": 0,\n    \"disoff\": \"关闭\",\n    \"dison\": \"打开\",\n    \"off\": 0,\n    \"on\": 1\n}\n',3,''),(392,100,632,5,2,'{\n    \"DefaultValue\": 1200,\n    \"Max\": 99999,\n    \"Min\": 0,\n    \"Step\": 1,\n    \"disScaling\": 1,\n    \"unit\": 9\n}\n',8,''),(393,100,633,8,2,'{\n    \"DefaultValue\": 30,\n    \"Max\": 2000,\n    \"Min\": 0,\n    \"Step\": 1,\n    \"disScaling\": 1,\n    \"unit\": 12\n}\n',11,''),(396,100,627,8,3,'{\n    \"DefaultValue\": 0,\n    \"Max\": 12,\n    \"Min\": 0,\n    \"Step\": 1,\n    \"disScaling\": 1,\n    \"unit\": 9\n}\n',6,''),(397,100,628,8,3,'{\n    \"DefaultValue\": 0,\n    \"Max\": 12,\n    \"Min\": 0,\n    \"Step\": 1,\n    \"disScaling\": 1,\n    \"unit\": 9\n}\n',7,''),(398,81,31,6,3,'{\"on\": 1, \"off\": 0, \"dison\": \"开机\", \"disoff\": \"关机\", \"disonPic\": \"\", \"disoffPic\": \"\", \"defaultValue\": 0}',0,NULL);
/*!40000 ALTER TABLE `function` ENABLE KEYS */;
UNLOCK TABLES;

--
-- Table structure for table `general_command`
--

DROP TABLE IF EXISTS `general_command`;
/*!40101 SET @saved_cs_client     = @@character_set_client */;
/*!40101 SET character_set_client = utf8 */;
CREATE TABLE `general_command` (
  `id` int(11) NOT NULL AUTO_INCREMENT,
  `gcmd_name_ch` varchar(45) DEFAULT NULL,
  `gcmd_name_en` varchar(45) DEFAULT NULL,
  `gcmd_type` int(11) NOT NULL,
  `genenal_coments` varchar(5000) DEFAULT NULL,
  `device_class` int(11) NOT NULL,
  `cmdType` int(11) DEFAULT NULL,
  PRIMARY KEY (`id`),
  UNIQUE KEY `id_UNIQUE` (`id`)
) ENGINE=InnoDB AUTO_INCREMENT=2500100 DEFAULT CHARSET=utf8;
/*!40101 SET character_set_client = @saved_cs_client */;

--
-- Dumping data for table `general_command`
--

LOCK TABLES `general_command` WRITE;
/*!40000 ALTER TABLE `general_command` DISABLE KEYS */;
INSERT INTO `general_command` VALUES (2,'测试2',NULL,1,NULL,0,2),(3,'z',NULL,1,NULL,0,3),(7,'z',NULL,2,NULL,0,7),(10,'',NULL,1,NULL,0,10),(31,'电源',NULL,1,NULL,0,31),(32,'待机',NULL,1,NULL,0,32),(33,'运行',NULL,3,NULL,0,33),(34,'面板锁定',NULL,1,NULL,0,34),(35,'远程控制','',1,NULL,0,35),(36,'网络时间同步',NULL,1,NULL,0,36),(37,'时间',NULL,6,NULL,0,37),(38,'日期',NULL,5,NULL,0,38),(39,'时间时分秒',NULL,6,NULL,0,39),(40,'定时关机时间',NULL,6,NULL,0,40),(41,'定时开机时间',NULL,6,NULL,0,41),(44,'定时事件开关',NULL,1,NULL,0,44),(45,'定时开机',NULL,1,NULL,0,45),(46,'定时关机',NULL,1,NULL,0,46),(47,'温度',NULL,2,NULL,0,47),(48,'湿度',NULL,2,NULL,0,48),(49,'电压',NULL,2,NULL,0,49),(50,'电流',NULL,2,NULL,0,50),(51,'频率',NULL,2,NULL,0,51),(52,'有功功率',NULL,2,NULL,0,52),(53,'无功功率',NULL,2,NULL,0,53),(54,'功率因数',NULL,2,NULL,0,54),(55,'电能',NULL,2,NULL,0,55),(63,'定时事件',NULL,6,NULL,0,63),(100031,'室外温度',NULL,2,NULL,0,100031),(100032,'室外湿度',NULL,2,NULL,0,100032),(100033,'PM2.5',NULL,2,NULL,0,100033),(100034,'PM10',NULL,2,NULL,0,100034),(100035,'空气质量指数',NULL,3,NULL,0,100035),(100037,'风向',NULL,3,NULL,0,100037),(100038,'甲醛含量',NULL,2,NULL,0,100038),(100039,'VOC状态',NULL,3,NULL,0,100039),(100040,'VOC数值',NULL,2,NULL,0,100040),(200001,'人工智慧开关',NULL,1,NULL,1,200001),(200002,'假日开关',NULL,1,NULL,1,200002),(200003,'冷藏室速冷',NULL,1,NULL,1,200003),(200004,'变温室速冷',NULL,1,NULL,1,200004),(200005,'速冻开关',NULL,1,NULL,1,200005),(200006,'保鲜开关',NULL,1,NULL,1,200006),(200007,'杀菌/除菌开关',NULL,1,NULL,1,200007),(200008,'保湿开关',NULL,1,NULL,1,200008),(200009,'冷藏室1',NULL,1,NULL,1,200009),(200010,'冷藏室2',NULL,1,NULL,1,200010),(200011,'冷藏室3',NULL,1,NULL,1,200011),(200012,'冷藏室4',NULL,1,NULL,1,200012),(200013,'冷藏室5',NULL,1,NULL,1,200013),(200014,'冷藏室6',NULL,1,NULL,1,200014),(200015,'变温室1',NULL,1,NULL,1,200015),(200016,'变温室2',NULL,1,NULL,1,200016),(200017,'变温室3',NULL,1,NULL,1,200017),(200018,'冷冻室1',NULL,1,NULL,1,200018),(200019,'冷冻室2',NULL,1,NULL,1,200019),(200020,'冷冻室3',NULL,1,NULL,1,200020),(200021,'冷冻室4',NULL,1,NULL,1,200021),(200022,'饮品室',NULL,1,NULL,1,200022),(200023,'果蔬室',NULL,1,NULL,1,200023),(200024,'制冰机',NULL,1,NULL,1,200024),(200025,'制冰机模式',NULL,3,NULL,1,200025),(200026,'快速制冰开关',NULL,1,NULL,1,200026),(200027,'冷藏室1档位',NULL,3,NULL,1,200027),(200028,'冷藏室1温度',NULL,2,NULL,1,200028),(200029,'冷藏室2档位',NULL,3,NULL,1,200029),(200030,'冷藏室2温度',NULL,2,NULL,1,200030),(200031,'冷藏室3档位',NULL,3,NULL,1,200031),(200032,'冷藏室3温度',NULL,2,NULL,1,200032),(200033,'冷藏室4档位',NULL,3,NULL,1,200033),(200034,'冷藏室4温度',NULL,2,NULL,1,200034),(200035,'冷藏室4档位',NULL,3,NULL,1,200035),(200036,'冷藏室5温度',NULL,2,NULL,1,200036),(200037,'冷藏室6档位',NULL,3,NULL,1,200037),(200038,'冷藏室6温度',NULL,2,NULL,1,200038),(200039,'变温室1档位',NULL,3,NULL,1,200039),(200040,'变温室1温度',NULL,2,NULL,1,200040),(200041,'变温室2档位',NULL,3,NULL,1,200041),(200042,'变温室2温度',NULL,2,NULL,1,200042),(200043,'变温室3档位',NULL,3,NULL,1,200043),(200044,'变温室3温度',NULL,2,NULL,1,200044),(200045,'冷冻室1档位',NULL,3,NULL,1,200045),(200046,'冷冻室1温度',NULL,2,NULL,1,200046),(200047,'冷冻室2档位',NULL,3,NULL,1,200047),(200048,'冷冻室2温度',NULL,2,NULL,1,200048),(200049,'冷冻室3档位',NULL,3,NULL,1,200049),(200050,'冷冻室3温度',NULL,2,NULL,1,200050),(200051,'冷冻室4档位',NULL,3,NULL,1,200051),(200052,'冷冻室4温度',NULL,2,NULL,1,200052),(200053,'饮品室档位',NULL,3,NULL,1,200053),(200054,'饮品室温度',NULL,2,NULL,1,200054),(200055,'果蔬室档位',NULL,3,NULL,1,200055),(200056,'果蔬室温度',NULL,2,NULL,1,200056),(200057,'冷藏室1湿度',NULL,2,NULL,1,200057),(200058,'冷藏室2湿度',NULL,2,NULL,1,200058),(200059,'冷藏室3湿度',NULL,2,NULL,1,200059),(200060,'冷藏室4湿度',NULL,2,NULL,1,200060),(200061,'冷藏室5湿度',NULL,2,NULL,1,200061),(200062,'冷藏室6湿度',NULL,2,NULL,1,200062),(200063,'变温室1湿度',NULL,2,NULL,1,200063),(200064,'变温室2湿度',NULL,2,NULL,1,200064),(200065,'变温室3湿度',NULL,2,NULL,1,200065),(200066,'果蔬室湿度',NULL,2,NULL,1,200066),(300001,'压缩机故障',NULL,4,NULL,1,300001),(300002,'环温传感器故障',NULL,4,NULL,6,300002),(300003,'冷藏室1温度传感器故障',NULL,4,NULL,1,300003),(300007,'冷藏室5温度传感器故障',NULL,4,NULL,1,300007),(300008,'冷藏室6温度传感器故障',NULL,4,NULL,1,300008),(300009,'变温室1温度传感器故障',NULL,4,NULL,1,300009),(300010,'变温室2温度传感器故障',NULL,4,NULL,1,300010),(300011,'变温室3温度传感器故障',NULL,4,NULL,1,300011),(300012,'冷冻室1温度传感器故障',NULL,4,NULL,1,300012),(300013,'冷冻室2温度传感器故障',NULL,4,NULL,1,300013),(300014,'冷冻室3温度传感器故障',NULL,4,NULL,1,300014),(300015,'冷冻室4温度传感器故障',NULL,4,NULL,1,300015),(300016,'饮品室温度传感器故障',NULL,4,NULL,1,300016),(300017,'果蔬室温度传感器故障',NULL,4,NULL,1,300017),(300018,'冷藏湿度传感器故障',NULL,4,NULL,1,300018),(300019,'变温室1湿度传感器故障',NULL,4,NULL,1,300019),(300021,'变温室2湿度传感器故障',NULL,4,NULL,1,300021),(300022,'变温室3湿度传感器故障',NULL,4,NULL,1,300022),(300023,'冷藏室1温度超温异常',NULL,4,NULL,1,300023),(300024,'冷藏室2温度超温异常',NULL,4,NULL,1,300024),(300025,'冷藏室3温度超温异常',NULL,4,NULL,1,300025),(300026,'冷藏室4温度超温异常',NULL,4,NULL,1,300026),(300027,'冷藏室5温度超温异常',NULL,4,NULL,1,300027),(300028,'冷藏室6温度超温异常',NULL,4,NULL,1,300028),(300029,'变温室1温度超温异常',NULL,4,NULL,1,300029),(300030,'变温室2温度超温异常',NULL,4,NULL,1,300030),(300031,'变温室3温度超温异常',NULL,4,NULL,1,300031),(300032,'冷冻室1温度超温异常',NULL,4,NULL,1,300032),(300033,'冷冻室2温度超温异常',NULL,4,NULL,1,300033),(300034,'冷冻室3温度超温异常',NULL,4,NULL,1,300034),(300035,'冷冻室4温度超温异常',NULL,4,NULL,1,300035),(300036,'饮品室温度超温异常',NULL,4,NULL,1,300036),(300037,'果蔬室温度超温异常',NULL,4,NULL,1,300037),(300038,'冷藏室1开门异常',NULL,4,NULL,1,300038),(300039,'冷藏室2开门异常',NULL,4,NULL,1,300039),(300040,'冷藏室3开门异常',NULL,4,NULL,1,300040),(300041,'冷藏室4开门异常',NULL,4,NULL,1,300041),(300042,'冷藏室5开门异常',NULL,4,NULL,1,300042),(300043,'冷藏室6开门异常',NULL,4,NULL,1,300043),(300044,'变温室1开门异常',NULL,4,NULL,1,300044),(300045,'变温室2开门异常',NULL,4,NULL,1,300045),(300046,'变温室2开门异常',NULL,4,NULL,1,300046),(300047,'冷冻室1开门异常',NULL,4,NULL,1,300047),(300048,'冷冻室2开门异常',NULL,4,NULL,1,300048),(300049,'冷冻室3开门异常',NULL,4,NULL,1,300049),(300050,'冷冻室4开门异常',NULL,4,NULL,1,300050),(300051,'饮品室开门异常',NULL,4,NULL,1,300051),(300052,'果蔬室开门异常',NULL,4,NULL,1,300052),(400001,'洗涤',NULL,3,NULL,2,400001),(400002,'洗涤过程',NULL,3,NULL,2,400002),(400003,'衣物材质',NULL,3,NULL,2,400003),(400004,'衣物重量',NULL,2,NULL,2,400004),(400005,'转速',NULL,2,NULL,2,400005),(400006,'漂洗次数',NULL,3,NULL,2,400006),(400007,'漂洗种类',NULL,3,NULL,2,400007),(400008,'水位',NULL,3,NULL,2,400008),(400009,'水温',NULL,2,NULL,2,400009),(400010,'烘干温度',NULL,2,NULL,2,400010),(400011,'杀菌',NULL,1,NULL,2,400011),(400012,'洗涤时间',NULL,2,NULL,2,400012),(400013,'浸泡时间',NULL,2,NULL,2,400013),(400014,'脱水时间',NULL,2,NULL,2,400014),(400015,'预约时间',NULL,2,NULL,2,400015),(400016,'风干时间',NULL,2,NULL,2,400016),(400017,'烘干时间',NULL,2,NULL,2,400017),(400018,'洗涤剩余时间',NULL,2,NULL,2,400018),(400019,'预约剩余时间',NULL,2,NULL,2,400019),(400020,'预洗',NULL,1,NULL,2,400020),(400021,'超净漂洗',NULL,1,NULL,2,400021),(400022,'强力去污',NULL,1,NULL,2,400022),(400023,'防皱浸泡',NULL,1,NULL,2,400023),(400024,'健康杀菌',NULL,1,NULL,2,400024),(400025,'蒸汽洗净',NULL,1,NULL,2,400025),(400026,'使用洗涤剂',NULL,1,NULL,2,400026),(400027,'烘干',NULL,1,NULL,2,400027),(400028,'自清洁',NULL,1,NULL,2,400028),(400029,'洗涤剂自动投放',NULL,1,NULL,2,400029),(400030,'柔顺剂自动投放',NULL,1,NULL,2,400030),(400031,'特渍功能',NULL,3,NULL,2,400031),(400032,'门锁',NULL,1,NULL,2,400032),(500000,'',NULL,1,NULL,0,500000),(500001,'排水异常',NULL,4,NULL,2,500001),(500002,'水排空异常',NULL,4,NULL,2,500002),(500003,'门锁异常',NULL,4,NULL,2,500003),(500004,'门锁锁门异常',NULL,4,NULL,2,500004),(500005,'门锁解除异常',NULL,4,NULL,2,500005),(500006,'进水异常',NULL,4,NULL,2,500006),(500007,'进水水位异常',NULL,4,NULL,2,500007),(500008,'洗涤过程中水位降低',NULL,4,NULL,2,500008),(500009,'不平衡不能甩干提醒',NULL,4,NULL,2,500009),(500010,'衣物脱水不平衡',NULL,4,NULL,2,500010),(500011,'水位溢出异常',NULL,4,NULL,2,500011),(500012,'水位超过设定的超高水位',NULL,4,NULL,2,500012),(500013,'烘干时水位高',NULL,4,NULL,2,500013),(500014,'温度传感器异常',NULL,4,NULL,2,500014),(500015,'水温传感器故障',NULL,4,NULL,2,500015),(500016,'加热管异常',NULL,4,NULL,2,500016),(500017,'水加热器故障',NULL,4,NULL,2,500017),(500018,'电机停转异常',NULL,4,NULL,2,500018),(500019,'霍尔电路异常',NULL,4,NULL,2,500019),(500020,'速度错误',NULL,4,NULL,2,500020),(500021,'电压过高',NULL,4,NULL,2,500021),(500022,'电压过低',NULL,4,NULL,2,500022),(500023,'电机温度检测断路',NULL,4,NULL,2,500023),(500024,'电机定子高温保护',NULL,4,NULL,2,500024),(500025,'电流检测电路故障',NULL,4,NULL,2,500025),(500026,'DD电机停机异常',NULL,4,NULL,2,500026),(500027,'IPM故障',NULL,4,NULL,2,500027),(500028,'缺相保护',NULL,4,NULL,2,500028),(500029,'启动失败',NULL,4,NULL,2,500029),(500030,'烘干温度传感器异常',NULL,4,NULL,2,500030),(500031,'滚筒进风口温度传感器异常',NULL,4,NULL,2,500031),(500032,'冷凝温度传感器异常',NULL,4,NULL,2,500032),(500033,'水位传感器异常',NULL,4,NULL,2,500033),(500034,'水位传感器异常',NULL,4,NULL,2,500034),(500035,'通信错误',NULL,4,NULL,2,500035),(500036,'主控芯片与变频芯片通信异常',NULL,4,NULL,2,500036),(500037,'主控芯片与驱动芯片通信异常',NULL,4,NULL,2,500037),(500038,'主控芯片与显示芯片通信异常',NULL,4,NULL,2,500038),(500039,'烘干加热管异常',NULL,4,NULL,2,500039),(500040,'烘干继电器异常',NULL,4,NULL,2,500040),(500041,'烘干加热管、温度电保险丝或恒温器异常',NULL,4,NULL,2,500041),(500042,'烘干风机异常',NULL,4,NULL,2,500042),(500043,'风机启动异常',NULL,4,NULL,2,500043),(500044,'烘干过滤器未安装到位',NULL,4,NULL,2,500044),(500045,'洗涤液用完',NULL,4,NULL,2,500045),(500046,'柔顺剂用完',NULL,4,NULL,2,500046),(500047,'结束处理提醒',NULL,4,NULL,2,500047),(500048,'负离子抽屉被打开',NULL,4,NULL,2,500048),(500049,'筒内温度过高，不能开门',NULL,4,NULL,2,500049),(500050,'筒内水位过高，不能开门',NULL,4,NULL,2,500050),(600001,'辅助电加热',NULL,1,NULL,3,600001),(600002,'健康',NULL,1,NULL,3,600002),(600003,'换新风',NULL,1,NULL,3,600003),(600004,'上下摆风',NULL,3,NULL,3,600004),(600005,'左右摆风',NULL,3,NULL,0,600005),(600006,'自清洁',NULL,1,NULL,3,600006),(600007,'人感功能',NULL,1,NULL,3,600007),(600008,'风速',NULL,3,NULL,3,600008),(600009,'模式',NULL,3,NULL,3,600009),(600010,'健康除湿湿度',NULL,2,NULL,3,600010),(600011,'温度',NULL,2,NULL,3,600011),(600012,'睡眠',NULL,1,NULL,3,600012),(600013,'节能',NULL,1,NULL,3,600013),(600014,'静音',NULL,1,NULL,3,600014),(600015,'干燥',NULL,1,NULL,3,600015),(600016,'灯光',NULL,1,NULL,3,600016),(600017,'室外温度',NULL,2,NULL,3,600017),(600018,'室内温度',NULL,2,NULL,3,600018),(600019,'湿度',NULL,2,NULL,3,600019),(600020,'空气质量',NULL,3,NULL,3,600020),(600021,'人体感应',NULL,3,NULL,3,600021),(600022,'风量',NULL,3,NULL,3,600022),(600023,'强力',NULL,1,NULL,3,600023),(600024,'数显',NULL,1,NULL,3,600024),(600025,'负离子',NULL,1,NULL,3,600025),(600026,'童锁',NULL,1,NULL,3,600026),(600027,'定时关机',NULL,2,NULL,3,600027),(600028,'定时开机',NULL,2,NULL,3,600028),(600029,'制氧',NULL,1,NULL,3,600029),(600030,'杀菌',NULL,1,NULL,3,600030),(600031,'加湿',NULL,1,NULL,3,600031),(600032,'滤网时间',NULL,2,NULL,3,600032),(600033,'粉尘',NULL,2,NULL,3,600033),(600034,'灰尘',NULL,2,NULL,3,600034),(600035,'气味',NULL,2,NULL,3,600035),(600036,'智能学习',NULL,1,NULL,0,600036),(600037,'音量',NULL,3,NULL,0,600037),(600038,'温度补偿',NULL,2,NULL,0,600038),(600039,'湿度补偿',NULL,2,NULL,0,600039),(600040,'VOC状态',NULL,3,NULL,0,600040),(600041,'红外状态',NULL,1,NULL,0,600041),(600042,'VOC数值',NULL,2,NULL,0,600042),(600051,'室内机总故障异常',NULL,4,NULL,3,600051),(600052,'室外机总故障异常',NULL,4,NULL,3,600052),(600053,'室内制热过载/高负荷异常',NULL,4,NULL,3,600053),(600054,'室外模块故障',NULL,4,NULL,3,600054),(600055,'室外除霜传感器故障',NULL,4,NULL,3,600055),(600056,'室外排气传感器故障',NULL,4,NULL,3,600056),(600057,'室外AC电流保护',NULL,4,NULL,3,600057),(600058,'室外EEPROM异常',NULL,4,NULL,3,600058),(600059,'室内盘管传感器故障',NULL,4,NULL,3,600059),(600060,'室外压机运转异常',NULL,4,NULL,3,600060),(600061,'室外DC电流保护',NULL,4,NULL,3,600061),(600062,'室内外通信故障',NULL,4,NULL,3,600062),(600063,'电源超、欠压保护',NULL,4,NULL,3,600063),(600064,'面板与内机通信故障',NULL,4,NULL,3,600064),(600065,'室外无负载故障',NULL,4,NULL,3,600065),(600066,'室外压机过热保护',NULL,4,NULL,3,600066),(600067,'CT电流异常',NULL,4,NULL,3,600067),(600068,'室外环境传感器异常',NULL,4,NULL,3,600068),(600069,'室外盘管传感器异常',NULL,4,NULL,3,600069),(600070,'满水保护',NULL,4,NULL,3,600070),(600071,'室内制冷结冰保护',NULL,4,NULL,3,600071),(600072,'高低压力保护',NULL,4,NULL,3,600072),(600073,'室外蒸发传感器故障',NULL,4,NULL,3,600073),(600074,'室外制冷过载',NULL,4,NULL,3,600074),(600075,'室内EEPROM故障',NULL,4,NULL,3,600075),(600076,'室外回气传感器故障',NULL,4,NULL,3,600076),(600077,'压机传感器故障',NULL,4,NULL,3,600077),(600078,'压机回气温度过高',NULL,4,NULL,3,600078),(600079,'水泵排水故障',NULL,4,NULL,3,600079),(600080,'三相电电源故障',NULL,4,NULL,3,600080),(600081,'CBD与模块通信故障',NULL,4,NULL,3,600081),(600082,'室内风机故障',NULL,4,NULL,3,600082),(600083,'室外风机故障',NULL,4,NULL,3,600083),(600084,'四通阀故障',NULL,4,NULL,3,600084),(600085,'门开关故障',NULL,4,NULL,3,600085),(600086,'除尘网需清洗提示',NULL,4,NULL,3,600086),(600087,'缺水保护',NULL,4,NULL,3,600087),(600088,'湿度传感器故障',NULL,4,NULL,3,600088),(600089,'室内温度传感器故障',NULL,4,NULL,3,600089),(600090,'外部报警/耙流开关故障',NULL,4,NULL,3,600090),(600091,'温度截止保护异常',NULL,4,NULL,3,600091),(600092,'异模式运转故障',NULL,4,NULL,3,600092),(600093,'电子膨胀阀故障',NULL,4,NULL,3,600093),(600094,'室内蒸发传感器故障',NULL,4,NULL,3,600094),(600095,'故障电弧保护',NULL,4,NULL,3,600095),(600096,'漏电保护',NULL,4,NULL,3,600096),(600097,'错接线保护',NULL,4,NULL,3,600097),(600098,'跳线帽故障保护',NULL,4,NULL,3,600098),(600099,'无地线',NULL,4,NULL,3,600099),(700000,'二氧化碳浓度异常',NULL,4,NULL,3,700000),(700001,'短路保护',NULL,4,NULL,3,700001),(700002,'紫外线故障',NULL,4,NULL,3,700002),(700003,'水泵过载保护/水泵故障/水流开关故障',NULL,4,NULL,3,700003),(700004,'高压保护/系统高压保护/压缩机高压保护',NULL,4,NULL,3,700004),(700005,'防冻结保护/板式换热器防冻保护/蒸发器防冻结保护/防低温',NULL,4,NULL,3,700005),(700006,'低压保护/系统低压保护/压缩机低压保护',NULL,4,NULL,3,700006),(700007,'排气高温保护/压缩机排气保护/压缩机排气高温保护',NULL,4,NULL,3,700007),(700008,'过流保护/过载保护/压缩机过流保护/压缩机过载保护',NULL,4,NULL,3,700008),(700009,'通信故障',NULL,4,NULL,3,700009),(700010,'外风机过载保护',NULL,4,NULL,3,700010),(700011,'火灾报警',NULL,4,NULL,3,700011),(700012,'系统缺氟或堵塞保护',NULL,4,NULL,3,700012),(700013,'二氧化碳检测故障',NULL,4,NULL,3,700013),(700014,'壳顶感温包故障保护',NULL,4,NULL,3,700014),(700015,'静电除尘保护',NULL,4,NULL,3,700015),(700016,'压缩机过热开关保护',NULL,4,NULL,3,700016),(700017,'系统异常',NULL,4,NULL,3,700017),(700018,'电机故障',NULL,4,NULL,3,700018),(700019,'主板通信故障',NULL,4,NULL,3,700019),(700020,'串口通信故障',NULL,4,NULL,3,700020),(700021,'ESP打火保护',NULL,4,NULL,3,700021),(700022,'加湿缺水',NULL,4,NULL,3,700022),(700023,'传感器故障',NULL,4,NULL,3,700023),(700024,'滤网更换',NULL,4,NULL,3,700024),(700025,'VOC传感器故障',NULL,4,NULL,3,700025),(700051,'微波炉加热模式',NULL,3,NULL,4,700051),(700052,'油烟机工作模式',NULL,3,NULL,4,700052),(700053,'洗碗机洗涤模式',NULL,3,NULL,4,700053),(700054,'洗碗机模式',NULL,3,NULL,4,700054),(700055,'消毒柜功能模式',NULL,3,NULL,4,700055),(700061,'灶具左火',NULL,2,NULL,4,700061),(700062,'灶具右火',NULL,2,NULL,4,700062),(700063,'自动巡航模式',NULL,1,NULL,4,700063),(700064,'假日模式',NULL,1,NULL,4,700064),(700065,'语音控制',NULL,1,NULL,4,700065),(700066,'烟灶联动',NULL,1,NULL,4,700066),(700067,'延迟关设定时间',NULL,2,NULL,4,700067),(700068,'自动关机时间',NULL,2,NULL,4,700068),(700069,'假日模式开启时刻',NULL,6,NULL,4,700069),(700070,'假日开启时间',NULL,2,NULL,4,700070),(700071,'语音开机默认风量',NULL,3,NULL,4,700071),(700072,'照明',NULL,1,NULL,4,700072),(700073,'延迟关',NULL,1,NULL,4,700073),(800001,'有害气体报警',NULL,4,NULL,4,800001),(800002,'气体传感器故障',NULL,4,NULL,4,800002),(800003,'通信故障',NULL,4,NULL,4,800003),(800004,'开门异常',NULL,4,NULL,4,800004),(800005,'温度传感器故障',NULL,4,NULL,4,800005),(800006,'漏水报警',NULL,4,NULL,4,800006),(800007,'排水报警',NULL,4,NULL,4,800007),(800008,'进水报警',NULL,4,NULL,4,800008),(800009,'溢水报警',NULL,4,NULL,4,800009),(800010,'水位传感器报警',NULL,4,NULL,4,800010),(800011,'分水阀报警',NULL,4,NULL,4,800011),(800012,'高水位报警',NULL,4,NULL,4,800012),(800013,'意外熄火',NULL,4,NULL,4,800013),(800014,'灶具故障',NULL,4,NULL,4,800014),(800015,'检测到异常烟雾',NULL,4,NULL,4,800015),(800016,'烟机故障',NULL,4,NULL,4,800016),(800051,'温度设置',NULL,2,NULL,5,800051),(800052,'预约时间',NULL,6,NULL,5,800052),(800055,'功率',NULL,3,NULL,5,800055),(800058,'加热模式',NULL,3,NULL,5,800058),(800060,'剩余水量',NULL,3,NULL,5,800060),(800061,'预约状态',NULL,3,NULL,5,800061),(800062,'预约模式',NULL,3,NULL,5,800062),(800063,'预约温度',NULL,2,NULL,5,800063),(800064,'预约功率',NULL,3,NULL,5,800064),(800065,'水温',NULL,2,NULL,5,800065),(900000,'超温',NULL,4,NULL,5,900000),(900001,'传感器故障',NULL,4,NULL,5,900001),(900002,'干烧超温报警',NULL,4,NULL,5,900002),(900003,'漏电报警',NULL,4,NULL,5,900003),(999999,'报警',NULL,4,NULL,0,NULL),(1000001,'杀菌',NULL,1,NULL,6,1000001),(1000002,'低温烘干',NULL,1,NULL,6,1000002),(1000003,'高温烘干',NULL,1,NULL,6,1000003),(1000004,'智能控制',NULL,1,NULL,6,1000004),(1000005,'调节震动',NULL,2,NULL,6,1000005),(1000006,'按摩',NULL,1,NULL,6,1000006),(1000007,'助眠',NULL,1,NULL,6,1000007),(1000008,'翻转床上升',NULL,8,NULL,6,1000008),(1000009,'翻转床下降',NULL,8,NULL,6,1000009),(1000010,'翻转床停止',NULL,8,NULL,6,1000010),(1000011,'翻转床位置',NULL,2,NULL,6,1000011),(1000015,'升降机上升',NULL,8,NULL,6,1000015),(1000016,'升降机下降',NULL,8,NULL,6,1000016),(1000017,'升降机停止',NULL,8,NULL,6,1000017),(1000018,'升降机位置',NULL,2,NULL,6,1000018),(1000019,'益智',NULL,1,NULL,6,1000019),(1000020,'单人/双人',NULL,1,NULL,6,1000020),(1000021,'开关1',NULL,1,NULL,6,1000021),(1000022,'开关2',NULL,1,NULL,6,1000021),(1000023,'开关3',NULL,1,NULL,6,1000021),(1000024,'开关4',NULL,1,NULL,6,1000021),(1200001,'窗帘开',NULL,1,NULL,7,1200001),(1200002,'窗帘关',NULL,1,NULL,7,1200002),(1200003,'窗帘停',NULL,1,NULL,7,1200003),(1200004,'灯控',NULL,1,NULL,7,1200004),(1200005,'调光',NULL,2,NULL,6,1200005),(1200006,'投影机收缩',NULL,3,NULL,6,1200006),(1200007,'投影幕',NULL,3,NULL,6,1200007),(1200008,'模式',NULL,3,NULL,7,1200008),(1200009,'晾衣杆升降',NULL,3,NULL,7,1200009),(1200010,'风干',NULL,1,NULL,7,1200010),(1200011,'风干时间',NULL,3,NULL,7,1200011),(1200012,'风干剩余时间',NULL,2,NULL,7,1200012),(1200013,'烘干',NULL,1,NULL,7,1200013),(1200014,'烘干时间',NULL,3,NULL,7,1200014),(1200015,'烘干剩余时间',NULL,2,NULL,7,1200015),(1200016,'杀菌',NULL,1,NULL,7,1200016),(1200017,'杀菌时间',NULL,3,NULL,7,1200017),(1200018,'杀菌剩余时间',NULL,2,NULL,7,1200018),(1200019,'灯控锁定',NULL,1,NULL,7,1200019),(1200020,'滤芯复位',NULL,1,NULL,6,1200020),(1200021,'机器自检',NULL,1,NULL,6,1200021),(1200023,'窗帘位置',NULL,2,NULL,7,1200023),(1200024,'窗帘设置',NULL,2,NULL,7,1200024),(1300002,'冲洗',NULL,1,NULL,6,1300002),(1300003,'制水',NULL,1,NULL,6,1300003),(1300050,'电路故障',NULL,4,NULL,6,1300050),(1300051,'电机过热',NULL,4,NULL,6,1300051),(1400001,'门锁',NULL,1,NULL,7,1400001),(1400002,'水阀',NULL,1,NULL,7,1400002),(1400003,'煤气阀',NULL,1,NULL,7,1400003),(1400010,'烟雾报警',NULL,4,NULL,7,1400010),(1400011,'燃气报警',NULL,4,NULL,7,1400011),(1400012,'水漏报警',NULL,4,NULL,7,1400012),(1400013,'门磁报警',NULL,4,NULL,7,1400013),(1400050,'红外有人',NULL,4,NULL,7,1400050),(1400051,'红外无人',NULL,4,NULL,7,1400051),(1500001,'紧急求救',NULL,4,NULL,8,1500001),(1700001,'安防控制',NULL,3,NULL,8,1700001),(2200001,'播放/暂停',NULL,1,NULL,12,2200001),(2200002,'下一首',NULL,8,NULL,12,2200002),(2200003,'上一首',NULL,8,NULL,12,2200003),(2200004,'音量调节',NULL,2,NULL,12,2200004),(2200005,'音量加',NULL,8,NULL,12,2200005),(2200006,'音量减',NULL,8,NULL,12,2200006),(2200007,'循环播放',NULL,1,NULL,12,2200007),(2500000,'场景按键0',NULL,1,NULL,13,2500000),(2500001,'场景按键1',NULL,1,NULL,13,2500001),(2500002,'场景按键2',NULL,1,NULL,13,2500002),(2500003,'场景按键3',NULL,1,NULL,13,2500003),(2500004,'场景按键4',NULL,1,NULL,13,2500004),(2500005,'场景按键5',NULL,1,NULL,13,2500005),(2500006,'场景按键6',NULL,1,NULL,13,2500006),(2500007,'场景按键7',NULL,1,NULL,13,2500007),(2500008,'场景按键8',NULL,1,NULL,13,2500008),(2500009,'场景按键9',NULL,1,NULL,13,2500009),(2500010,'场景按键10',NULL,1,NULL,13,2500010),(2500011,'场景按键11',NULL,1,NULL,13,2500011),(2500012,'场景按键12',NULL,1,NULL,13,2500012),(2500013,'场景按键13',NULL,1,NULL,13,2500013),(2500014,'场景按键14',NULL,1,NULL,13,2500014),(2500015,'场景按键15',NULL,1,NULL,13,2500015),(2500016,'场景按键16',NULL,1,NULL,13,2500016),(2500017,'场景按键17',NULL,1,NULL,13,2500017),(2500018,'场景按键18',NULL,1,NULL,13,2500018),(2500019,'场景按键19',NULL,1,NULL,13,2500019),(2500020,'场景按键20',NULL,1,NULL,13,2500020),(2500021,'场景按键21',NULL,1,NULL,13,2500021),(2500022,'场景按键22',NULL,1,NULL,13,2500022),(2500023,'场景按键23',NULL,1,NULL,13,2500023),(2500024,'场景按键24',NULL,1,NULL,13,2500024),(2500025,'场景按键25',NULL,1,NULL,13,2500025),(2500026,'场景按键26',NULL,1,NULL,13,2500026),(2500027,'场景按键27',NULL,1,NULL,13,2500027),(2500028,'场景按键28',NULL,1,NULL,13,2500028),(2500029,'场景按键29',NULL,1,NULL,13,2500029),(2500030,'场景按键30',NULL,1,NULL,13,2500030),(2500031,'场景按键31',NULL,1,NULL,13,2500031),(2500032,'场景按键32',NULL,1,NULL,13,2500032),(2500033,'场景按键33',NULL,1,NULL,13,2500033),(2500034,'场景按键34',NULL,1,NULL,13,2500034),(2500035,'场景按键35',NULL,1,NULL,13,2500035),(2500036,'场景按键36',NULL,1,NULL,13,2500036),(2500037,'场景按键37',NULL,1,NULL,13,2500037),(2500038,'场景按键38',NULL,1,NULL,13,2500038),(2500039,'场景按键39',NULL,1,NULL,13,2500039),(2500040,'场景按键40',NULL,1,NULL,13,2500040),(2500041,'场景按键41',NULL,1,NULL,13,2500041),(2500042,'场景按键42',NULL,1,NULL,13,2500042),(2500043,'场景按键43',NULL,1,NULL,13,2500043),(2500044,'场景按键44',NULL,1,NULL,13,2500044),(2500045,'场景按键45',NULL,1,NULL,13,2500045),(2500046,'场景按键46',NULL,1,NULL,13,2500046),(2500047,'场景按键47',NULL,1,NULL,13,2500047),(2500048,'场景按键48',NULL,1,NULL,13,2500048),(2500049,'场景按键49',NULL,1,NULL,13,2500049),(2500050,'场景按键50',NULL,1,NULL,13,2500050),(2500051,'场景按键51',NULL,1,NULL,13,2500051),(2500052,'场景按键52',NULL,1,NULL,13,2500052),(2500053,'场景按键53',NULL,1,NULL,13,2500053),(2500054,'场景按键54',NULL,1,NULL,13,2500054),(2500055,'场景按键55',NULL,1,NULL,13,2500055),(2500056,'场景按键56',NULL,1,NULL,13,2500056),(2500057,'场景按键57',NULL,1,NULL,13,2500057),(2500058,'场景按键58',NULL,1,NULL,13,2500058),(2500059,'场景按键59',NULL,1,NULL,13,2500059),(2500060,'场景按键60',NULL,1,NULL,13,2500060),(2500061,'场景按键61',NULL,1,NULL,13,2500061),(2500062,'场景按键62',NULL,1,NULL,13,2500062),(2500063,'场景按键63',NULL,1,NULL,13,2500063),(2500064,'场景按键64',NULL,1,NULL,13,2500064),(2500065,'场景按键65',NULL,1,NULL,13,2500065),(2500066,'场景按键66',NULL,1,NULL,13,2500066),(2500067,'场景按键67',NULL,1,NULL,13,2500067),(2500068,'场景按键68',NULL,1,NULL,13,2500068),(2500069,'场景按键69',NULL,1,NULL,13,2500069),(2500070,'场景按键70',NULL,1,NULL,13,2500070),(2500071,'场景按键71',NULL,1,NULL,13,2500071),(2500072,'场景按键72',NULL,1,NULL,13,2500072),(2500073,'场景按键73',NULL,1,NULL,13,2500073),(2500074,'场景按键74',NULL,1,NULL,13,2500074),(2500075,'场景按键75',NULL,1,NULL,13,2500075),(2500076,'场景按键76',NULL,1,NULL,13,2500076),(2500077,'场景按键77',NULL,1,NULL,13,2500077),(2500078,'场景按键78',NULL,1,NULL,13,2500078),(2500079,'场景按键79',NULL,1,NULL,13,2500079),(2500080,'场景按键80',NULL,1,NULL,13,2500080),(2500081,'场景按键81',NULL,1,NULL,13,2500081),(2500082,'场景按键82',NULL,1,NULL,13,2500082),(2500083,'场景按键83',NULL,1,NULL,13,2500083),(2500084,'场景按键84',NULL,1,NULL,13,2500084),(2500085,'场景按键85',NULL,1,NULL,13,2500085),(2500086,'场景按键86',NULL,1,NULL,13,2500086),(2500087,'场景按键87',NULL,1,NULL,13,2500087),(2500088,'场景按键88',NULL,1,NULL,13,2500088),(2500089,'场景按键89',NULL,1,NULL,13,2500089),(2500090,'场景按键90',NULL,1,NULL,13,2500090),(2500091,'场景按键91',NULL,1,NULL,13,2500091),(2500092,'场景按键92',NULL,1,NULL,13,2500092),(2500093,'场景按键93',NULL,1,NULL,13,2500093),(2500094,'场景按键94',NULL,1,NULL,13,2500094),(2500095,'场景按键95',NULL,1,NULL,13,2500095),(2500096,'场景按键96',NULL,1,NULL,13,2500096),(2500097,'场景按键97',NULL,1,NULL,13,2500097),(2500098,'场景按键98',NULL,1,NULL,13,2500098),(2500099,'场景按键99',NULL,1,NULL,13,2500099);
/*!40000 ALTER TABLE `general_command` ENABLE KEYS */;
UNLOCK TABLES;

--
-- Table structure for table `parameter_default`
--

DROP TABLE IF EXISTS `parameter_default`;
/*!40101 SET @saved_cs_client     = @@character_set_client */;
/*!40101 SET character_set_client = utf8 */;
CREATE TABLE `parameter_default` (
  `general_command_id` int(11) NOT NULL,
  `direction` int(11) DEFAULT NULL,
  `parameter` varchar(5000) DEFAULT NULL,
  `distype` int(11) DEFAULT NULL,
  KEY `idtoid_idx` (`general_command_id`),
  CONSTRAINT `idtoid` FOREIGN KEY (`general_command_id`) REFERENCES `general_command` (`id`) ON DELETE NO ACTION ON UPDATE NO ACTION
) ENGINE=InnoDB DEFAULT CHARSET=utf8;
/*!40101 SET character_set_client = @saved_cs_client */;

--
-- Dumping data for table `parameter_default`
--

LOCK TABLES `parameter_default` WRITE;
/*!40000 ALTER TABLE `parameter_default` DISABLE KEYS */;
INSERT INTO `parameter_default` VALUES (2,3,'{\"on\": 1, \"off\": 0, \"dison\": \"开\", \"disoff\": \"关\", \"defaultValue\": 0}',6),(3,2,'{\"on\": 1, \"off\": 0, \"dison\": \"\", \"disoff\": \"\", \"defaultValue\": 0}',6),(7,2,'{\"Max\": 0, \"Min\": 0, \"unit\": 0, \"disScaling\": 1, \"DefaultValue\": 0}',5),(31,3,'{\"on\": 1, \"off\": 0, \"dison\": \"开机\", \"disoff\": \"关机\", \"disonPic\": \"\", \"disoffPic\": \"\", \"defaultValue\": 0}',6),(32,3,'{\"on\": 1, \"off\": 0, \"dison\": \"开机\", \"disoff\": \"关机\", \"disonPic\": \"\", \"disoffPic\": \"\", \"defaultValue\": 0}',6),(33,3,'{\"name\": \"预约模式\", \"varIndex\": 862, \"ParameterNum\": 8, \"ParameterItems\": [\"单人洗\", \"双人洗\", \"中保\", \"峰谷电\", \"半胆\", \"晚浴\", \"晨浴\", \"MAX增容\"], \"ParameterValues\": [1, 2, 3, 4, 6, 7, 8, 9]}',7),(34,3,'{\"on\": 1, \"off\": 0, \"dison\": \"\", \"disoff\": \"\", \"defaultValue\": 0}',6),(35,3,'{\"on\": 1, \"off\": 0, \"dison\": \"\", \"disoff\": \"\", \"defaultValue\": 0}',6),(37,3,'{\"time\": \"12:00:00\", \"disHour\": \"时\", \"maxTime\": \"23:59:59\", \"minTime\": \"0:0:0\", \"hourStep\": 1, \"disMinute\": \"分\", \"disSecond\": \"秒\", \"minuteStep\": 1, \"secondStep\": 1}',4),(38,3,'{\"date\": \"2016-01-01\", \"disDay\": \"日\", \"dayStep\": 1, \"disYear\": \"年\", \"maxDate\": \"2099-12-31\", \"minDate\": \"1970-01-01\", \"disMonth\": \"月\", \"yearStep\": 1, \"monthStep\": 1}',3),(39,2,'{\"time\": \"12:0:0\", \"disHour\": \"时\", \"maxTime\": \"23:59:59\", \"minTime\": \"0:0:0\", \"hourStep\": 1, \"disMinute\": \"分\", \"disSecond\": \"秒\", \"minuteStep\": 1, \"secondStep\": 1}',4),(40,3,'{\"time\": \"12:0:0\", \"disHour\": \"时\", \"maxTime\": \"23:59:59\", \"minTime\": \"0:0:0\", \"hourStep\": 1, \"disMinute\": \"分\", \"disSecond\": \"秒\", \"minuteStep\": 1, \"secondStep\": 1}',4),(41,3,'{\"time\": \"12:0:0\", \"disHour\": \"时\", \"maxTime\": \"23:59:59\", \"minTime\": \"0:0:0\", \"hourStep\": 1, \"disMinute\": \"分\", \"disSecond\": \"秒\", \"minuteStep\": 1, \"secondStep\": 1}',4),(44,3,'{\"on\": 1, \"off\": 0, \"dison\": \"允许定时事件\", \"disoff\": \"不允许定时事件\", \"defaultValue\": 0}',6),(45,3,'{\"on\": 1, \"off\": 0, \"dison\": \"允许定时开机\", \"disoff\": \"不允许定时开机\", \"defaultValue\": 0}',6),(46,3,'{\"on\": 1, \"off\": 0, \"dison\": \"允许定时关机\", \"disoff\": \"不允许定时关机\", \"defaultValue\": 0}',6),(47,3,'{\"Max\": 250, \"Min\": -250, \"unit\": 1, \"disScaling\": 1, \"defaultValue\": 0}',8),(48,2,'{\"Max\": 100, \"Min\": 0, \"unit\": 2, \"disScaling\": 1, \"DefaultValue\": 0}',5),(49,2,'{\"Max\": 999, \"Min\": 0, \"unit\": 4, \"disScaling\": 1, \"DefaultValue\": 220}',5),(50,2,'{\"Max\": 99.99, \"Min\": 0, \"unit\": 5, \"disScaling\": 0.01, \"DefaultValue\": 0}',5),(51,2,'{\"Max\": 99.99, \"Min\": 0, \"unit\": 6, \"disScaling\": 0.01, \"DefaultValue\": 0}',5),(52,2,'{\"Max\": 99.9999, \"Min\": 0, \"unit\": 7, \"disScaling\": 0.0001, \"DefaultValue\": 0}',5),(53,2,'{\r     \"DefaultValue\": 0,\r     \"Max\": 99.9999,\r     \"Min\": 0,\r     \"disScaling\": 0.0001,\r     \"unit\": 7\r }\r ',8),(54,2,'{\r     \"DefaultValue\": 0,\r     \"Max\": 99.9999,\r     \"Min\": 0,\r      \"disScaling\": 0.0001,\r     \"unit\": 0\r }\r ',5),(55,2,'{\r     \"DefaultValue\": 0,\r     \"Max\": 999999.99,\r     \"Min\": 0,\r      \"disScaling\": 0.01,\r     \"unit\": 8\r }\r ',5),(2200001,3,'{\n    \"defaultValue\": 0,\n    \"disoff\": \"暂停\",\n    \"dison\": \"播放\",\n    \"off\": 0,\n    \"on\": 1\n}\n',6),(2200002,1,'{\n    \"dispara\": \"下一首\",\n    \"para\": 0\n}\n',10),(2200003,1,'{\n    \"dispara\": \"上一首\",\n    \"para\": 0\n}\n',10),(2200004,3,'{\r     \"DefaultValue\": 10,\r     \"Max\": 100,\r     \"Min\": 0,\r     \"disScaling\": 1,\r     \"unit\": 2\r }\r ',8),(2200005,1,'{\n    \"dispara\": \"Volume+\",\n    \"para\": 0\n}\n',10),(2200006,3,'{\n    \"dispara\": \"Volume-\",\n    \"para\": 0\n}\n',10),(2200007,3,'{\n    \"defaultValue\": 0,\n    \"disoff\": \"关闭\",\n    \"dison\": \"打开\",\n    \"off\": 0,\n    \"on\": 1\n}\n',6),(63,3,'{\r     \"disHour\": \"时\",\r     \"disMinute\": \"分\",\r     \"disSecond\": \"秒\",\r     \"hourStep\": 1,\r     \"maxTime\": \"23:59:59\",\r     \"minTime\": \"0:0:0\",\r     \"minuteStep\": 1,\r     \"secondStep\": 1,\r     \"time\": \"12:0:0\"\r }\r ',4),(100031,2,'{\"Max\": 128, \"Min\": -127, \"unit\": 1, \"disScaling\": 0.1, \"DefaultValue\": 0}',5),(100032,2,'{\"Max\": 100, \"Min\": 0, \"unit\": 2, \"disScaling\": 1, \"DefaultValue\": 50}',5),(100033,2,'{\"Max\": 500, \"Min\": 0, \"unit\": 12, \"disScaling\": 1, \"DefaultValue\": 20}',5),(100034,2,'{\"Max\": 100, \"Min\": 0, \"unit\": 13, \"disScaling\": 0.01, \"DefaultValue\": 20}',5),(100035,2,'{\"ParameterNum\": 7, \"ParameterItems\": [\"优\", \"良\", \"1级轻微污染\", \"2级轻微污染\", \"1级中度污染\", \"2级中度污染\", \"重度污染\"], \"ParameterValues\": [1, 2, 3, 4, 5, 6, 7]}',7),(100037,2,'{\"ParameterNum\": 10, \"ParameterItems\": [\"无持续风向\", \"东北方\", \"东风\", \"东南风\", \"南风\", \"西南风\", \"西风\", \"西北风\", \"北风\", \"旋转风\"], \"ParameterValues\": [0, 1, 2, 3, 4, 5, 6, 7, 8, 9]}',7),(100038,2,'{\r     \"DefaultValue\": 0,\r     \"Max\": 20,\r     \"Min\": 0,\r     \"disScaling\": 1,\r     \"unit\": 12\r }\r ',5),(100039,2,'{\n    \"DefaultValues\": 1,\n    \"ParameterItems\": [\n        \"优\",\n        \"良\",\n        \"中\",\n        \"差\"\n    ],\n    \"ParameterNum\": 4,\n    \"ParameterValues\": [\n        1,\n        2,\n        3,\n        4\n    ]\n}\n',7),(100040,2,'{\r     \"DefaultValue\": 0,\r     \"Max\": 1023,\r     \"Min\": 0,\r     \"disScaling\": 1,\r     \"unit\": 0\r }\r ',5),(200001,2,'{\"on\": 1, \"off\": 0, \"dison\": \"打开\", \"disoff\": \"关闭\", \"defaultValue\": 0}',6),(200002,3,'{\"on\": 1, \"off\": 0, \"dison\": \"打开\", \"disoff\": \"关闭\", \"defaultValue\": 0}',6),(200003,3,'{\"on\": 1, \"off\": 0, \"dison\": \"打开\", \"disoff\": \"关闭\", \"defaultValue\": 0}',6),(200004,3,'{\"on\": 1, \"off\": 0, \"dison\": \"打开\", \"disoff\": \"关闭\", \"defaultValue\": 0}',6),(200005,3,'{\"on\": 1, \"off\": 0, \"dison\": \"打开\", \"disoff\": \"关闭\", \"defaultValue\": 0}',6),(200006,3,'{\"on\": 1, \"off\": 0, \"dison\": \"打开\", \"disoff\": \"关闭\", \"defaultValue\": 0}',6),(200007,3,'{\"on\": 1, \"off\": 0, \"dison\": \"打开\", \"disoff\": \"关闭\", \"defaultValue\": 0}',6),(200008,3,'{\"on\": 1, \"off\": 0, \"dison\": \"打开\", \"disoff\": \"关闭\", \"defaultValue\": 0}',6),(200009,3,'{\"on\": 1, \"off\": 0, \"dison\": \"打开\", \"disoff\": \"关闭\", \"defaultValue\": 0}',6),(200010,3,'{\"on\": 1, \"off\": 0, \"dison\": \"打开\", \"disoff\": \"关闭\", \"defaultValue\": 0}',6),(200011,3,'{\"on\": 1, \"off\": 0, \"dison\": \"打开\", \"disoff\": \"关闭\", \"defaultValue\": 0}',6),(200012,3,'{\"on\": 1, \"off\": 0, \"dison\": \"打开\", \"disoff\": \"关闭\", \"defaultValue\": 0}',6),(200013,3,'{\"on\": 1, \"off\": 0, \"dison\": \"打开\", \"disoff\": \"关闭\", \"defaultValue\": 0}',6),(200014,3,'{\"on\": 1, \"off\": 0, \"dison\": \"打开\", \"disoff\": \"关闭\", \"defaultValue\": 0}',6),(200015,3,'{\"on\": 1, \"off\": 0, \"dison\": \"打开\", \"disoff\": \"关闭\", \"defaultValue\": 0}',6),(200016,3,'{\"on\": 1, \"off\": 0, \"dison\": \"打开\", \"disoff\": \"关闭\", \"defaultValue\": 0}',6),(200017,3,'{\"on\": 1, \"off\": 0, \"dison\": \"打开\", \"disoff\": \"关闭\", \"defaultValue\": 0}',6),(200018,3,'{\"on\": 1, \"off\": 0, \"dison\": \"打开\", \"disoff\": \"关闭\", \"defaultValue\": 0}',6),(200019,3,'{\"on\": 1, \"off\": 0, \"dison\": \"打开\", \"disoff\": \"关闭\", \"defaultValue\": 0}',6),(200020,3,'{\"on\": 1, \"off\": 0, \"dison\": \"打开\", \"disoff\": \"关闭\", \"defaultValue\": 0}',6),(200021,3,'{\"on\": 1, \"off\": 0, \"dison\": \"打开\", \"disoff\": \"关闭\", \"defaultValue\": 0}',6),(200022,3,'{\"on\": 1, \"off\": 0, \"dison\": \"打开\", \"disoff\": \"关闭\", \"defaultValue\": 0}',6),(200023,3,'{\"on\": 1, \"off\": 0, \"dison\": \"打开\", \"disoff\": \"关闭\", \"defaultValue\": 0}',6),(200024,3,'{\"on\": 1, \"off\": 0, \"dison\": \"打开\", \"disoff\": \"关闭\", \"defaultValue\": 0}',6),(200025,3,'{\"ParameterNum\": 4, \"ParameterItems\": [\"关闭\", \"冰水\", \"碎冰\", \"整冰\"], \"ParameterValues\": [0, 1, 2, 3]}',7),(200026,3,'{\"on\": 1, \"off\": 0, \"dison\": \"\", \"disoff\": \"\", \"defaultValue\": 0}',6),(200027,3,'{\"ParameterNum\": 4, \"ParameterItems\": [\"一档\", \"二挡\", \"三挡\", \"四挡\"], \"ParameterValues\": [1, 2, 3, 4]}',7),(200028,3,'{\"Max\": 10, \"Min\": 0, \"unit\": 1, \"disScaling\": 0.1, \"DefaultValue\": 5}',8),(200029,3,'{\"ParameterNum\": 4, \"ParameterItems\": [\"一档\", \"二挡\", \"三挡\", \"四挡\"], \"ParameterValues\": [1, 2, 3, 4]}',7),(200030,3,'{\"Max\": 10, \"Min\": 0, \"unit\": 1, \"disScaling\": 0.1, \"DefaultValue\": 5}',8),(200031,3,'{\"ParameterNum\": 4, \"ParameterItems\": [\"一档\", \"二挡\", \"三挡\", \"四挡\"], \"ParameterValues\": [1, 2, 3, 4]}',7),(200032,3,'{\"Max\": 10, \"Min\": 0, \"unit\": 1, \"disScaling\": 0.1, \"DefaultValue\": 5}',8),(200033,3,'{\"ParameterNum\": 4, \"ParameterItems\": [\"一档\", \"二挡\", \"三挡\", \"四挡\"], \"ParameterValues\": [1, 2, 3, 4]}',7),(200034,3,'{\"Max\": 10, \"Min\": 0, \"unit\": 1, \"disScaling\": 0.1, \"DefaultValue\": 5}',8),(200035,3,'{\"ParameterNum\": 4, \"ParameterItems\": [\"一档\", \"二挡\", \"三挡\", \"四挡\"], \"ParameterValues\": [1, 2, 3, 4]}',7),(200036,3,'{\"Max\": 10, \"Min\": 0, \"unit\": 1, \"disScaling\": 0.1, \"DefaultValue\": 5}',8),(200037,3,'{\"ParameterNum\": 4, \"ParameterItems\": [\"一档\", \"二挡\", \"三挡\", \"四挡\"], \"ParameterValues\": [1, 2, 3, 4]}',7),(200038,3,'{\"Max\": 100, \"Min\": 0, \"unit\": 1, \"disScaling\": 10, \"DefaultValue\": 5}',8),(200039,3,'{\"ParameterNum\": 4, \"ParameterItems\": [\"一档\", \"二挡\", \"三挡\", \"四挡\"], \"ParameterValues\": [1, 2, 3, 4]}',7),(200040,3,'{\"Max\": 10, \"Min\": -18, \"unit\": 1, \"disScaling\": 0.1, \"DefaultValue\": 5}',8),(200041,3,'{\"ParameterNum\": 4, \"ParameterItems\": [\"一档\", \"二挡\", \"三挡\", \"四挡\"], \"ParameterValues\": [1, 2, 3, 4]}',7),(200042,3,'{\"Max\": 10, \"Min\": -18, \"unit\": 1, \"disScaling\": 0.1, \"DefaultValue\": 5}',8),(200043,3,'{\"ParameterNum\": 4, \"ParameterItems\": [\"一档\", \"二挡\", \"三挡\", \"四挡\"], \"ParameterValues\": [1, 2, 3, 4]}',7),(200044,3,'{\"Max\": 10, \"Min\": -18, \"unit\": 1, \"disScaling\": 0.1, \"DefaultValue\": 5}',8),(200045,3,'{\"ParameterNum\": 4, \"ParameterItems\": [\"一档\", \"二挡\", \"三挡\", \"四挡\"], \"ParameterValues\": [1, 2, 3, 4]}',7),(200046,3,'{\"Max\": 0, \"Min\": -40, \"unit\": 1, \"disScaling\": 0.1, \"DefaultValue\": 5}',8),(200047,3,'{\"ParameterNum\": 4, \"ParameterItems\": [\"一档\", \"二挡\", \"三挡\", \"四挡\"], \"ParameterValues\": [1, 2, 3, 4]}',7),(200048,3,'{\"Max\": 0, \"Min\": -40, \"unit\": 1, \"disScaling\": 0.1, \"DefaultValue\": 5}',8),(200049,3,'{\"ParameterNum\": 4, \"ParameterItems\": [\"一档\", \"二挡\", \"三挡\", \"四挡\"], \"ParameterValues\": [1, 2, 3, 4]}',7),(200050,3,'{\"Max\": 0, \"Min\": -40, \"unit\": 1, \"disScaling\": 0.1, \"DefaultValue\": 5}',8),(200051,3,'{\"ParameterNum\": 4, \"ParameterItems\": [\"一档\", \"二挡\", \"三挡\", \"四挡\"], \"ParameterValues\": [1, 2, 3, 4]}',7),(200052,3,'{\"Max\": 0, \"Min\": -40, \"unit\": 1, \"disScaling\": 0.1, \"DefaultValue\": 5}',8),(200053,3,'{\"ParameterNum\": 4, \"ParameterItems\": [\"一档\", \"二挡\", \"三挡\", \"四挡\"], \"ParameterValues\": [1, 2, 3, 4]}',7),(200054,3,'{\"Max\": 0, \"Min\": 10, \"unit\": 1, \"disScaling\": 0.1, \"DefaultValue\": 5}',8),(200055,3,'{\"ParameterNum\": 4, \"ParameterItems\": [\"一档\", \"二挡\", \"三挡\", \"四挡\"], \"ParameterValues\": [1, 2, 3, 4]}',7),(200056,3,'{\"Max\": 0, \"Min\": 10, \"unit\": 1, \"disScaling\": 0.1, \"DefaultValue\": 5}',8),(200057,2,'{\"Max\": 0, \"Min\": 10, \"unit\": 2, \"disScaling\": 1, \"DefaultValue\": 5}',8),(200058,2,'{\"Max\": 0, \"Min\": 10, \"unit\": 2, \"disScaling\": 1, \"DefaultValue\": 5}',5),(200059,2,'{\"Max\": 0, \"Min\": 10, \"unit\": 2, \"disScaling\": 1, \"DefaultValue\": 5}',5),(200060,2,'{\"Max\": 0, \"Min\": 10, \"unit\": 2, \"disScaling\": 1, \"DefaultValue\": 5}',5),(200061,2,'{\"Max\": 0, \"Min\": 10, \"unit\": 2, \"disScaling\": 1, \"DefaultValue\": 5}',5),(200062,2,'{\"Max\": 0, \"Min\": 10, \"unit\": 2, \"disScaling\": 1, \"DefaultValue\": 5}',5),(200063,2,'{\"Max\": 0, \"Min\": 10, \"unit\": 2, \"disScaling\": 1, \"DefaultValue\": 5}',5),(200064,2,'{\"Max\": 0, \"Min\": 10, \"unit\": 2, \"disScaling\": 1, \"DefaultValue\": 5}',5),(200065,2,'{\"Max\": 0, \"Min\": 10, \"unit\": 2, \"disScaling\": 1, \"DefaultValue\": 5}',5),(200066,2,'{\"Max\": 0, \"Min\": 10, \"unit\": 2, \"disScaling\": 1, \"DefaultValue\": 5}',5),(400001,3,'{\"ParameterNum\": 7, \"DefaultValues\": 0, \"ParameterItems\": [\"浸泡\", \"洗涤\", \"漂洗\", \"脱水\", \"风干\", \"烘干\", \"预约\"], \"ParameterValues\": [0, 1, 2, 3, 4, 5, 6]}',7),(400002,3,'{\"ParameterNum\": 7, \"DefaultValues\": 0, \"ParameterItems\": [\"洗漂脱\", \"洗涤\", \"洗漂\", \"漂脱\", \"脱水\", \"浸洗漂脱\", \"烘干\"], \"ParameterValues\": [0, 1, 2, 3, 4, 5, 6]}',7),(400003,3,'{\"ParameterNum\": 10, \"DefaultValues\": 0, \"ParameterItems\": [\"棉布\", \"麻布\", \"化纤\", \"羊毛\", \"真丝\", \"羽绒\", \"毛毯\", \"自编\", \"强洗\", \"快洗\"], \"ParameterValues\": [0, 1, 2, 3, 4, 5, 6, 7, 8, 9]}',7),(400004,3,'{\"Max\": 50, \"Min\": 0, \"unit\": 3, \"disScaling\": 1, \"DefaultValue\": 3}',8),(400005,3,'{\"Max\": 2000, \"Min\": 0, \"unit\": 0, \"disScaling\": 1, \"DefaultValue\": 300}',8),(400006,3,'{\"ParameterNum\": 3, \"DefaultValues\": 1, \"ParameterItems\": [\"一次\", \"二次\", \"三次\"], \"ParameterValues\": [1, 2, 3]}',7),(400007,3,'{\"ParameterNum\": 4, \"DefaultValues\": 0, \"ParameterItems\": [\"未设置\", \"蓄水漂洗\", \"注水漂洗\", \"喷淋漂洗\"], \"ParameterValues\": [0, 1, 2, 3]}',7),(400008,3,'{\"ParameterNum\": 11, \"DefaultValues\": 0, \"ParameterItems\": [\"未设置\", \"一档\", \"二挡\", \"三挡\", \"四挡\", \"五档\", \"六档\", \"七档\", \"八档\", \"九档\", \"十档\"], \"ParameterValues\": [0, 1, 2, 3, 4, 5, 6, 7, 8, 9, 10]}',7),(400009,3,'{\"Max\": 75, \"Min\": 0, \"unit\": 1, \"disScaling\": 1, \"DefaultValue\": 35}',8),(400010,3,'{\"Max\": 90, \"Min\": 0, \"unit\": 1, \"disScaling\": 1, \"DefaultValue\": 60}',8),(400011,3,'{\"on\": 1, \"off\": 0, \"dison\": \"打开\", \"disoff\": \"关闭\", \"defaultValue\": 0}',6),(400012,3,'{\"Max\": 255, \"Min\": 0, \"unit\": 10, \"disScaling\": 1, \"DefaultValue\": 25}',8),(400013,3,'{\"Max\": 255, \"Min\": 0, \"unit\": 10, \"disScaling\": 1, \"DefaultValue\": 25}',8),(400014,3,'{\"Max\": 255, \"Min\": 0, \"unit\": 10, \"disScaling\": 1, \"DefaultValue\": 25}',8),(400015,3,'{\"Max\": 255, \"Min\": 0, \"unit\": 10, \"disScaling\": 1, \"DefaultValue\": 25}',8),(400016,3,'{\"Max\": 255, \"Min\": 0, \"unit\": 10, \"disScaling\": 1, \"DefaultValue\": 25}',8),(400017,3,'{\"Max\": 255, \"Min\": 0, \"unit\": 10, \"disScaling\": 1, \"DefaultValue\": 25}',8),(400018,3,'{\"Max\": 255, \"Min\": 0, \"unit\": 10, \"disScaling\": 1, \"DefaultValue\": 25}',8),(400019,3,'{\"Max\": 255, \"Min\": 0, \"unit\": 10, \"disScaling\": 1, \"DefaultValue\": 25}',8),(400020,3,'{\"on\": 1, \"off\": 0, \"dison\": \"打开\", \"disoff\": \"关闭\", \"defaultValue\": 0}',6),(400021,3,'{\"on\": 1, \"off\": 0, \"dison\": \"打开\", \"disoff\": \"关闭\", \"defaultValue\": 0}',6),(400022,3,'{\"on\": 1, \"off\": 0, \"dison\": \"打开\", \"disoff\": \"关闭\", \"defaultValue\": 0}',6),(400023,3,'{\"on\": 1, \"off\": 0, \"dison\": \"打开\", \"disoff\": \"关闭\", \"defaultValue\": 0}',6),(400024,3,'{\"on\": 1, \"off\": 0, \"dison\": \"打开\", \"disoff\": \"关闭\", \"defaultValue\": 0}',6),(400025,3,'{\"on\": 1, \"off\": 0, \"dison\": \"打开\", \"disoff\": \"关闭\", \"defaultValue\": 0}',6),(400026,3,'{\"on\": 1, \"off\": 0, \"dison\": \"使用\", \"disoff\": \"不使用\", \"defaultValue\": 0}',6),(400027,3,'{\"on\": 1, \"off\": 0, \"dison\": \"关闭\", \"disoff\": \"打开\", \"defaultValue\": 0}',6),(400028,3,'{\"on\": 1, \"off\": 0, \"dison\": \"关闭\", \"disoff\": \"打开\", \"defaultValue\": 0}',6),(400029,3,'{\"on\": 1, \"off\": 0, \"dison\": \"关闭\", \"disoff\": \"打开\", \"defaultValue\": 0}',6),(400030,3,'{\"on\": 1, \"off\": 0, \"dison\": \"关闭\", \"disoff\": \"打开\", \"defaultValue\": 0}',6),(400031,3,'{\"ParameterNum\": 6, \"DefaultValues\": 0, \"ParameterItems\": [\"未设置\", \"血渍\", \"草渍\", \"酒渍\", \"果汁\", \"土渍\"], \"ParameterValues\": [0, 1, 2, 3, 4, 5]}',7),(400032,3,'{\"on\": 1, \"off\": 0, \"dison\": \"关闭\", \"disoff\": \"打开\", \"defaultValue\": 0}',6),(500000,3,'{\n    \"defaultValue\": 0,\n    \"disoff\": \"\",\n    \"dison\": \"\",\n    \"off\": 0,\n    \"on\": 1,\n    \"thirdoff\": \"\",\n    \"thirdon\": \"\"\n}\n',6),(600001,2,'{\"on\": 1, \"off\": 0, \"dison\": \"打开\", \"disoff\": \"关闭\", \"defaultValue\": 0}',6),(600002,2,'{\"on\": 1, \"off\": 0, \"dison\": \"打开\", \"disoff\": \"关闭\", \"defaultValue\": 0}',6),(600003,2,'{\"on\": 1, \"off\": 0, \"dison\": \"打开\", \"disoff\": \"关闭\", \"defaultValue\": 0}',6),(600004,3,'{\"ParameterNum\": 10, \"DefaultValues\": 0, \"ParameterItems\": [\"关\", \"上下摆位置固定\", \"上下摆位置1\", \"上下摆位置2\", \"上下摆位置3\", \"上下摆位置4\", \"上下摆位置5\", \"自动摆\", \"健康气流（上吹）\", \"健康气流（下吹）\"], \"ParameterValues\": [0, 1, 2, 3, 4, 5, 6, 7, 8, 9]}',7),(600005,3,'{\n    \"DefaultValues\": 1,\n    \"ParameterItems\": [\n        \"左右摆风位置1\"\n    ],\n    \"ParameterNum\": 1,\n    \"ParameterValues\": [\n        1\n    ]\n}\n',7),(600006,3,'{\"on\": 1, \"off\": 0, \"dison\": \"打开\", \"disoff\": \"关闭\", \"defaultValue\": 0}',6),(600007,3,'{\"on\": 1, \"off\": 0, \"dison\": \"打开\", \"disoff\": \"关闭\", \"defaultValue\": 0}',6),(600008,3,'{\"ParameterNum\": 5, \"DefaultValues\": 0, \"ParameterItems\": [\"自动\", \"风速1\", \"风速2\", \"风速3\", \"风速4\"], \"ParameterValues\": [0, 1, 2, 3, 4]}',7),(600009,3,'{\"ParameterNum\": 8, \"DefaultValues\": 0, \"ParameterItems\": [\"自动\", \"制冷\", \"制热\", \"送风\", \"除湿\", \"节能\", \"地暖\", \"3D供暖\"], \"ParameterValues\": [0, 1, 2, 3, 4, 5, 6, 7]}',7),(600010,3,'{\"Max\": 100, \"Min\": 0, \"unit\": 2, \"disScaling\": 1, \"DefaultValue\": 70}',8),(600011,3,'{\"Max\": 35, \"Min\": 0, \"unit\": 1, \"disScaling\": 0.1, \"DefaultValue\": 25}',8),(600012,3,'{\"on\": 1, \"off\": 0, \"dison\": \"打开\", \"disoff\": \"关闭\", \"defaultValue\": 0}',6),(600013,3,'{\"on\": 1, \"off\": 0, \"dison\": \"打开\", \"disoff\": \"关闭\", \"defaultValue\": 0}',6),(600014,3,'{\"on\": 1, \"off\": 0, \"dison\": \"打开\", \"disoff\": \"关闭\", \"defaultValue\": 0}',6),(600015,3,'{\"on\": 1, \"off\": 0, \"dison\": \"打开\", \"disoff\": \"关闭\", \"defaultValue\": 0}',6),(600016,3,'{\"on\": 1, \"off\": 0, \"dison\": \"打开\", \"disoff\": \"关闭\", \"defaultValue\": 0}',6),(600017,3,'{\"Max\": 100, \"Min\": -100, \"unit\": 1, \"disScaling\": 0.1, \"DefaultValue\": 25}',8),(600018,3,'{\"Max\": 100, \"Min\": -100, \"unit\": 1, \"disScaling\": 0.1, \"DefaultValue\": 25}',8),(600019,2,'{\"Max\": 100, \"Min\": 0, \"unit\": 2, \"disScaling\": 1, \"DefaultValue\": 60}',8),(600020,2,'{\"ParameterNum\": 5, \"DefaultValues\": 0, \"ParameterItems\": [\"1级\", \"2级\", \"3级\", \"4级\", \"5级\"], \"ParameterValues\": [0, 1, 2, 3, 4]}',7),(600021,2,'{\"ParameterNum\": 2, \"DefaultValues\": 0, \"ParameterItems\": [\"无人\", \"有人\"], \"ParameterValues\": [0, 1]}',7),(600022,3,'{\"ParameterNum\": 4, \"DefaultValues\": 1, \"ParameterItems\": [\"自动\", \"低速\", \"中速\", \"高速\"], \"ParameterValues\": [1, 2, 3, 4]}',7),(600023,3,'{\n    \"defaultValue\": 0,\n    \"disoff\": \"\",\n    \"dison\": \"\",\n    \"off\": 0,\n    \"on\": 1\n}\n',6),(600024,3,'{\n    \"defaultValue\": 0,\n    \"disoff\": \"\",\n    \"dison\": \"\",\n    \"off\": 0,\n    \"on\": 1\n}\n',6),(600025,3,'{\n    \"defaultValue\": 0,\n    \"disoff\": \"关闭\",\n    \"dison\": \"打开\",\n    \"off\": 0,\n    \"on\": 1\n}\n',6),(600026,3,'{\n    \"defaultValue\": 0,\n    \"disoff\": \"关闭\",\n    \"dison\": \"打开\",\n    \"off\": 0,\n    \"on\": 1\n}\n',6),(600027,3,'{\n    \"DefaultValue\": 0,\n    \"Max\": 12,\n    \"Min\": 0,\n    \"Step\": 1,\n    \"disScaling\": 1,\n    \"unit\": 9\n}\n',8),(600028,3,'{\n    \"DefaultValue\": 0,\n    \"Max\": 12,\n    \"Min\": 0,\n    \"Step\": 1,\n    \"disScaling\": 1,\n    \"unit\": 9\n}\n',8),(600029,3,'{\n    \"defaultValue\": 0,\n    \"disoff\": \"关闭\",\n    \"dison\": \"打开\",\n    \"off\": 0,\n    \"on\": 1\n}\n',6),(600030,3,'{\n    \"defaultValue\": 0,\n    \"disoff\": \"关闭\",\n    \"dison\": \"打开\",\n    \"off\": 0,\n    \"on\": 1\n}\n',6),(600031,3,'{\n    \"defaultValue\": 0,\n    \"disoff\": \"关闭\",\n    \"dison\": \"打开\",\n    \"off\": 0,\n    \"on\": 1\n}\n',6),(600032,2,'{\r     \"DefaultValue\": 1200,\r     \"Max\": 99999,\r     \"Min\": 0,\r      \"disScaling\": 1,\r     \"unit\": 9\r }\r ',5),(600033,3,'{\r     \"DefaultValue\": 30,\r     \"Max\": 2000,\r     \"Min\": 0,\r      \"disScaling\": 1,\r     \"unit\": 12\r }\r ',8),(600034,2,'{\r     \"DefaultValue\": 30,\r     \"Max\": 2000,\r     \"Min\": 0,\r      \"disScaling\": 1,\r     \"unit\": 12\r }\r ',5),(600035,2,'{\r     \"DefaultValue\": 30,\r     \"Max\": 2000,\r     \"Min\": 0,\r      \"disScaling\": 1,\r     \"unit\": 0\r }\r ',5),(600036,3,'{\n    \"defaultValue\": 0,\n    \"disoff\": \"结束\",\n    \"dison\": \"开启\",\n    \"off\": 0,\n    \"on\": 1\n}\n',6),(600037,3,'{\n    \"DefaultValues\": 0,\n    \"ParameterItems\": [\n        \"关闭\",\n        \"一档\",\n        \"二挡\",\n        \"三挡\"\n    ],\n    \"ParameterNum\": 4,\n    \"ParameterValues\": [\n        0,\n        1,\n        2,\n        3\n    ]\n}\n',7),(600038,3,'{\r     \"DefaultValue\": 45,\r     \"Max\": 255,\r     \"Min\": 0,\r      \"disScaling\": 1,\r     \"unit\": 1\r }\r ',8),(600039,3,'{\r     \"DefaultValue\": 35,\r     \"Max\": 255,\r     \"Min\": 0,\r      \"disScaling\": 1,\r     \"unit\": 2\r }\r ',8),(600040,2,'{\n    \"DefaultValues\": 1,\n    \"ParameterItems\": [\n        \"优\",\n        \"良\",\n        \"中\",\n        \"差\"\n    ],\n    \"ParameterNum\": 4,\n    \"ParameterValues\": [\n        1,\n        2,\n        3,\n        4\n    ]\n}\n',7),(600041,3,'{\n    \"defaultValue\": 0,\n    \"disoff\": \"红外学习状态\",\n    \"dison\": \"红外控制状态\",\n    \"off\": 0,\n    \"on\": 1\n}\n',6),(600042,3,'{\r     \"DefaultValue\": 0,\r     \"Max\": 255,\r     \"Min\": 0,\r     \"Step\": 1,\r     \"disScaling\": 1,\r     \"unit\": 0\r }\r ',8),(700051,3,'{\"ParameterNum\": 9, \"DefaultValues\": 0, \"ParameterItems\": [\"空\", \"微波火力1\", \"微波火力2\", \"微波火力3\", \"微波火力4\", \"微波火力5\", \"光波\", \"光波组合1\", \"光波组合2\"], \"ParameterValues\": [0, 1, 2, 3, 4, 5, 6, 7, 8]}',7),(700052,3,'{\"ParameterNum\": 5, \"DefaultValues\": 0, \"ParameterItems\": [\"无风\", \"柔速\", \"低速\", \"高速\", \"爆炒\"], \"ParameterValues\": [0, 1, 2, 3, 4]}',7),(700053,3,'{\"ParameterNum\": 11, \"DefaultValues\": 0, \"ParameterItems\": [\"强洗\", \"标准洗\", \"轻柔洗\", \"玻璃洗\", \"快速洗\", \"冲洗\", \"自动洗\", \"预约洗\", \"杀菌洗\", \"锅盘洗\", \"烘干\"], \"ParameterValues\": [0, 1, 2, 3, 4, 5, 6, 7, 8, 9, 10]}',7),(700054,3,'{\"ParameterNum\": 4, \"DefaultValues\": 0, \"ParameterItems\": [\"浸泡\", \"高温\", \"消毒\", \"干燥\"], \"ParameterValues\": [0, 1, 2, 3]}',7),(700055,3,'{\"ParameterNum\": 7, \"DefaultValues\": 0, \"ParameterItems\": [\"餐具杀菌\", \"餐具烘干\", \"食品解冻\", \"冷餐杀菌\", \"果蔬保鲜\", \"光波消毒\", \"光波烘干\"], \"ParameterValues\": [0, 1, 2, 3, 4, 5, 6]}',7),(700061,3,'{\r     \"DefaultValue\": 0,\r     \"Max\": 100,\r     \"Min\": 0,\r     \"disScaling\": 1,\r     \"unit\": 2\r }\r ',8),(700062,3,'{\r     \"DefaultValue\": 0,\r     \"Max\": 100,\r     \"Min\": 0,\r     \"disScaling\": 1,\r     \"unit\": 2\r }\r ',8),(700063,3,'{\n    \"defaultValue\": 0,\n    \"disoff\": \"关\",\n    \"dison\": \"开\",\n    \"off\": 0,\n    \"on\": 1\n}\n',6),(700064,3,'{\n    \"defaultValue\": 0,\n    \"disoff\": \"关\",\n    \"dison\": \"开\",\n    \"off\": 0,\n    \"on\": 1\n}\n',6),(700065,3,'{\n    \"defaultValue\": 0,\n    \"disoff\": \"关\",\n    \"dison\": \"开\",\n    \"off\": 0,\n    \"on\": 1\n}\n',6),(700066,3,'{\n    \"defaultValue\": 0,\n    \"disoff\": \"关\",\n    \"dison\": \"开\",\n    \"off\": 0,\n    \"on\": 1\n}\n',6),(700067,3,'{\r     \"DefaultValue\": 10,\r     \"Max\": 30,\r     \"Min\": 1,\r     \"disScaling\": 1,\r     \"unit\": 10\r }\r ',8),(700068,3,'{\r     \"DefaultValue\": 10,\r     \"Max\": 30,\r     \"Min\": 1,\r     \"disScaling\": 1,\r     \"unit\": 10\r }\r ',8),(700069,3,'{\n    \"disHour\": \"时\",\n    \"disMinute\": \"分\",\n    \"disSecond\": \"秒\",\n    \"hourStep\": 1,\n    \"maxTime\": \"23:59:59\",\n    \"minTime\": \"0:0:0\",\n    \"minuteStep\": 1,\n    \"secondStep\": 1,\n    \"time\": \"8:0:0\"\n}\n',4),(700070,3,'{\r     \"DefaultValue\": 60,\r     \"Max\": 1440,\r     \"Min\": 0,\r     \"disScaling\": 1,\r     \"unit\": 10\r }\r ',8),(700071,3,'{\n    \"DefaultValues\": 0,\n    \"ParameterItems\": [\n        \"关\",\n        \"小档\",\n        \"中档\",\n        \"大档\"\n    ],\n    \"ParameterNum\": 4,\n    \"ParameterValues\": [\n        0,\n        1,\n        2,\n        3\n    ]\n}\n',7),(700072,3,'{\n    \"defaultValue\": 0,\n    \"disoff\": \"关\",\n    \"dison\": \"开\",\n    \"off\": 0,\n    \"on\": 1\n}\n',6),(700073,3,'{\n    \"defaultValue\": 0,\n    \"disoff\": \"关\",\n    \"dison\": \"开\",\n    \"off\": 0,\n    \"on\": 1\n}\n',6),(800051,3,'{\r     \"DefaultValue\": 60,\r     \"Max\": 100,\r     \"Min\": 30,\r     \"disScaling\": 0.1,\r     \"unit\": 1\r }\r ',8),(800052,3,'{\n    \"disHour\": \"时\",\n    \"disMinute\": \"分\",\n    \"disSecond\": \"秒\",\n    \"hourStep\": 1,\n    \"maxTime\": \"23:59:59\",\n    \"minTime\": \"0:0:0\",\n    \"minuteStep\": 1,\n    \"secondStep\": 1,\n    \"time\": \"12:0:0\"\n}\n',4),(800055,3,'{\n    \"DefaultValues\": 1,\n    \"ParameterItems\": [\n        \"1500W\",\n        \"2500W\"\n    ],\n    \"ParameterNum\": 2,\n    \"ParameterValues\": [\n        1,\n        2\n    ]\n}\n',7),(800058,3,'{\n    \"DefaultValues\": 1,\n    \"ParameterItems\": [\n        \"即时加热\",\n        \"单人洗\",\n        \"双人洗\",\n        \"中保\",\n        \"峰谷电\",\n        \"半胆\",\n        \"晚浴\",\n        \"晨浴\",\n        \"MAX增容\"\n    ],\n    \"ParameterNum\": 9,\n    \"ParameterValues\": [\n        1,\n        2,\n        3,\n        4,\n        5,\n        6,\n        7,\n        8,\n        9\n    ]\n}\n',7),(800060,2,'{\n    \"DefaultValues\": 0,\n    \"ParameterItems\": [\n        \"一档\",\n        \"二挡\",\n        \"三挡\",\n        \"四挡\",\n        \"五档\",\n        \"六档\"\n    ],\n    \"ParameterNum\": 6,\n    \"ParameterValues\": [\n        1,\n        2,\n        3,\n        4,\n        5,\n        6\n    ]\n}\n',7),(800061,3,'{\n    \"DefaultValues\": 1,\n    \"ParameterItems\": [\n        \"无预约\",\n        \"普通预约\",\n        \"模式预约\"\n    ],\n    \"ParameterNum\": 3,\n    \"ParameterValues\": [\n        1,\n        2,\n        3\n    ]\n}\n',7),(800062,3,'{\n    \"DefaultValues\": 1,\n    \"ParameterItems\": [\n        \"单人洗\",\n        \"双人洗\",\n        \"中保\",\n        \"峰谷电\",\n        \"半胆\",\n        \"晚浴\",\n        \"晨浴\",\n        \"MAX增容\"\n    ],\n    \"ParameterNum\": 8,\n    \"ParameterValues\": [\n        1,\n        2,\n        3,\n        4,\n        5,\n        6,\n        7,\n        8\n    ]\n}\n',7),(800063,3,'{\r     \"DefaultValue\": 60,\r     \"Max\": 100,\r     \"Min\": 30,\r     \"disScaling\": 1,\r     \"unit\": 1\r }\r ',8),(800064,3,'{\n    \"DefaultValues\": 1,\n    \"ParameterItems\": [\n        \"1500W\",\n        \"2500W\"\n    ],\n    \"ParameterNum\": 2,\n    \"ParameterValues\": [\n        1,\n        2\n    ]\n}\n',7),(800065,2,'{\r     \"DefaultValue\": 30,\r     \"Max\": 100,\r     \"Min\": 0,\r     \"disScaling\": 1,\r     \"unit\": 1\r }\r ',5),(1000001,3,'{\n    \"defaultValue\": 0,\n    \"disoff\": \"停止\",\n    \"dison\": \"启动\",\n    \"off\": 0,\n    \"on\": 1\n}\n',6),(1000002,3,'{\n    \"defaultValue\": 0,\n    \"disoff\": \"停止\",\n    \"dison\": \"启动\",\n    \"off\": 0,\n    \"on\": 1\n}\n',6),(1000003,3,'{\n    \"defaultValue\": 0,\n    \"disoff\": \"停止\",\n    \"dison\": \"启动\",\n    \"off\": 0,\n    \"on\": 1\n}\n',6),(1000004,3,'{\n    \"defaultValue\": 0,\n    \"disoff\": \"停止\",\n    \"dison\": \"启动\",\n    \"off\": 0,\n    \"on\": 1\n}\n',6),(1000005,3,'{\r     \"DefaultValue\": 10,\r     \"Max\": 100,\r     \"Min\": 0,\r     \"disScaling\": 1,\r     \"unit\": 0\r }\r ',8),(1000006,3,'{\n    \"defaultValue\": 0,\n    \"disoff\": \"停止\",\n    \"dison\": \"启动\",\n    \"off\": 0,\n    \"on\": 1\n}\n',6),(1000007,3,'{\n    \"defaultValue\": 0,\n    \"disoff\": \"停止\",\n    \"dison\": \"启动\",\n    \"off\": 0,\n    \"on\": 1\n}\n',6),(1000008,1,'{\n    \"dispara\": \"\",\n    \"para\": 0\n}\n',10),(1000009,1,'{\n    \"dispara\": \"\",\n    \"para\": 0\n}\n',10),(1000010,1,'{\n    \"dispara\": \"\",\n    \"para\": 0\n}\n',10),(1000011,3,'{\r     \"DefaultValue\": 10,\r     \"Max\": 100,\r     \"Min\": 0,\r      \"disScaling\": 1,\r     \"unit\": 0\r }\r ',8),(1000015,1,'{\n    \"dispara\": \"\",\n    \"para\": 0\n}\n',10),(1000016,1,'{\n    \"dispara\": \"\",\n    \"para\": 0\n}\n',10),(1000017,1,'{\n    \"dispara\": \"\",\n    \"para\": 0\n}\n',10),(1000018,1,'{\r     \"DefaultValue\": 10,\r     \"Max\": 100,\r     \"Min\": 0,\r     \"disScaling\": 1,\r     \"unit\": 0\r }\r ',5),(1000019,3,'{\n    \"defaultValue\": 0,\n    \"disoff\": \"停止\",\n    \"dison\": \"启动\",\n    \"off\": 0,\n    \"on\": 1\n}\n',6),(1000020,3,'{\n    \"defaultValue\": 0,\n    \"disoff\": \"单人\",\n    \"dison\": \"双人\",\n    \"off\": 0,\n    \"on\": 1\n}\n',6),(1000021,3,'{\n    \"defaultValue\": 0,\n    \"disoff\": \"关\",\n    \"dison\": \"开\",\n    \"off\": 0,\n    \"on\": 1,\n    \"thirdoff\": \"\",\n    \"thirdon\": \"\"\n}\n',6),(1000022,3,'{\n    \"defaultValue\": 0,\n    \"disoff\": \"关\",\n    \"dison\": \"开\",\n    \"off\": 0,\n    \"on\": 1,\n    \"thirdoff\": \"\",\n    \"thirdon\": \"\"\n}\n',6),(1000023,3,'{\n    \"defaultValue\": 0,\n    \"disoff\": \"关\",\n    \"dison\": \"开\",\n    \"off\": 0,\n    \"on\": 1,\n    \"thirdoff\": \"\",\n    \"thirdon\": \"\"\n}\n',6),(1000024,3,'{\n    \"defaultValue\": 0,\n    \"disoff\": \"关\",\n    \"dison\": \"开\",\n    \"off\": 0,\n    \"on\": 1,\n    \"thirdoff\": \"\",\n    \"thirdon\": \"\"\n}\n',6),(1200004,3,'{\"on\": 1, \"off\": 0, \"dison\": \"开\", \"disoff\": \"关\", \"defaultValue\": 0}',6),(1200005,3,'{\"Max\": 100, \"Min\": 1, \"unit\": 0, \"disScaling\": 1, \"DefaultValue\": 50}',8),(1200006,3,'{\"ParameterNum\": 3, \"DefaultValues\": 0, \"ParameterItems\": [\"关\", \"开\", \"停\"], \"ParameterValues\": [0, 1, 2]}',7),(1200007,1,'{\"ParameterNum\": 3, \"DefaultValues\": 2, \"ParameterItems\": [\"关\", \"开\", \"停\"], \"ParameterValues\": [0, 1, 2]}',7),(1200008,3,'{\n    \"DefaultValues\": 0,\n    \"ParameterItems\": [\n        \"自动\",\n        \"手动\"\n    ],\n    \"ParameterNum\": 2,\n    \"ParameterValues\": [\n        0,\n        1\n    ]\n}\n',7),(1200009,3,'{\n    \"DefaultValues\": 0,\n    \"ParameterItems\": [\n        \"暂停\",\n        \"上升\",\n        \"上升至极限\",\n        \"下降\",\n        \"下降至极限\"\n    ],\n    \"ParameterNum\": 5,\n    \"ParameterValues\": [\n        0,\n        1,\n        2,\n        3,\n        4\n    ]\n}\n',7),(1200010,3,'{\n    \"defaultValue\": 0,\n    \"disoff\": \"关闭\",\n    \"dison\": \"打开\",\n    \"off\": 0,\n    \"on\": 1,\n    \"thirdoff\": \"\",\n    \"thirdon\": \"\"\n}\n',6),(1200011,3,'{\n    \"DefaultValues\": 0,\n    \"ParameterItems\": [\n        \"30Min\",\n        \"60Min\",\n        \"90Min\",\n        \"120Min\"\n    ],\n    \"ParameterNum\": 4,\n    \"ParameterValues\": [\n        0,\n        1,\n        2,\n        3\n    ]\n}\n',7),(1200012,2,'{\n    \"DefaultValue\": 0,\n    \"Max\": 120,\n    \"Min\": 0,\n    \"Step\": 1,\n    \"disScaling\": 1,\n    \"unit\": 10\n}\n',5),(1200013,3,'{\n    \"defaultValue\": 0,\n    \"disoff\": \"关闭\",\n    \"dison\": \"打开\",\n    \"off\": 0,\n    \"on\": 1,\n    \"thirdoff\": \"\",\n    \"thirdon\": \"\"\n}\n',6),(1200014,3,'{\n    \"DefaultValues\": 0,\n    \"ParameterItems\": [\n        \"30Min\",\n        \"60Min\",\n        \"90Min\",\n        \"120Min\"\n    ],\n    \"ParameterNum\": 4,\n    \"ParameterValues\": [\n        0,\n        1,\n        2,\n        3\n    ]\n}\n',7),(1200015,2,'{\r     \"DefaultValue\": 0,\r     \"Max\": 120,\r     \"Min\": 0,\r     \"disScaling\": 1,\r     \"unit\": 10\r }\r ',5),(1200016,3,'{\n    \"defaultValue\": 0,\n    \"disoff\": \"关闭\",\n    \"dison\": \"打开\",\n    \"off\": 0,\n    \"on\": 1,\n    \"thirdoff\": \"\",\n    \"thirdon\": \"\"\n}\n',6),(1200017,3,'{\n    \"DefaultValues\": 0,\n    \"ParameterItems\": [\n        \"10Min\",\n        \"20Min\"\n    ],\n    \"ParameterNum\": 2,\n    \"ParameterValues\": [\n        0,\n        1\n    ]\n}\n',7),(1200018,3,'{\r     \"DefaultValue\": 0,\r     \"Max\": 20,\r     \"Min\": 0,\r     \"disScaling\": 1,\r     \"unit\": 10\r }\r ',8),(1200019,3,'{\n    \"defaultValue\": 0,\n    \"disoff\": \"解除锁定\",\n    \"dison\": \"锁定灯控\",\n    \"off\": 0,\n    \"on\": 1,\n    \"thirdoff\": \"\",\n    \"thirdon\": \"\"\n}\n',6),(1200020,1,'{\n    \"defaultValue\": 1,\n    \"disoff\": \"复位\",\n    \"dison\": \"复位\",\n    \"off\": 1,\n    \"on\": 1\n}\n',6),(1200021,3,'{\n    \"defaultValue\": 1,\n    \"disoff\": \"自检中\",\n    \"dison\": \"未自检\",\n    \"off\": 1,\n    \"on\": 0\n}\n',6),(1300002,3,'{\n    \"defaultValue\": 1,\n    \"disoff\": \"冲洗中\",\n    \"dison\": \"未冲洗\",\n    \"off\": 1,\n    \"on\": 0\n}\n',6),(1300003,3,'{\n    \"defaultValue\": 0,\n    \"disoff\": \"制水\",\n    \"dison\": \"未制水\",\n    \"off\": 1,\n    \"on\": 0\n}\n',6),(1400001,3,'{\n    \"defaultValue\": 0,\n    \"disoff\": \"关闭\",\n    \"dison\": \"打开\",\n    \"off\": 0,\n    \"on\": 1\n}\n',6),(1400002,3,'{\n    \"defaultValue\": 0,\n    \"disoff\": \"关闭\",\n    \"dison\": \"打开\",\n    \"off\": 0,\n    \"on\": 1\n}\n',6),(1400003,3,'{\n    \"defaultValue\": 0,\n    \"disoff\": \"关闭\",\n    \"dison\": \"打开\",\n    \"off\": 0,\n    \"on\": 1\n}\n',6),(1700001,3,'{\n    \"DefaultValues\": 2,\n    \"ParameterItems\": [\n        \"撤防\",\n        \"外出\",\n        \"在家\",\n        \"就寝\"\n    ],\n    \"ParameterNum\": 4,\n    \"ParameterValues\": [\n        0,\n        1,\n        2,\n        3\n    ]\n}\n',7),(999999,2,'{\"alarmItem\":}',NULL),(2500000,3,'{\"defaultValue\": 0,\"disoff\": \"场景不触发\",\"dison\": \"场景触发\",\"off\": 0,\"on\": 1\n}\n',6),(2500001,3,'{\"defaultValue\": 0,\"disoff\": \"场景不触发\",\"dison\": \"场景触发\",\"off\": 0,\"on\": 1\n}\n',6),(2500002,3,'{\"defaultValue\": 0,\"disoff\": \"场景不触发\",\"dison\": \"场景触发\",\"off\": 0,\"on\": 1\n}\n',6),(2500003,3,'{\"defaultValue\": 0,\"disoff\": \"场景不触发\",\"dison\": \"场景触发\",\"off\": 0,\"on\": 1\n}\n',6),(2500004,3,'{\"defaultValue\": 0,\"disoff\": \"场景不触发\",\"dison\": \"场景触发\",\"off\": 0,\"on\": 1\n}\n',6),(2500005,3,'{\"defaultValue\": 0,\"disoff\": \"场景不触发\",\"dison\": \"场景触发\",\"off\": 0,\"on\": 1\n}\n',6),(2500006,3,'{\"defaultValue\": 0,\"disoff\": \"场景不触发\",\"dison\": \"场景触发\",\"off\": 0,\"on\": 1\n}\n',6),(2500007,3,'{\"defaultValue\": 0,\"disoff\": \"场景不触发\",\"dison\": \"场景触发\",\"off\": 0,\"on\": 1\n}\n',6),(2500008,3,'{\"defaultValue\": 0,\"disoff\": \"场景不触发\",\"dison\": \"场景触发\",\"off\": 0,\"on\": 1\n}\n',6),(2500009,3,'{\"defaultValue\": 0,\"disoff\": \"场景不触发\",\"dison\": \"场景触发\",\"off\": 0,\"on\": 1\n}\n',6),(2500010,3,'{\"defaultValue\": 0,\"disoff\": \"场景不触发\",\"dison\": \"场景触发\",\"off\": 0,\"on\": 1\n}\n',6),(2500011,3,'{\"defaultValue\": 0,\"disoff\": \"场景不触发\",\"dison\": \"场景触发\",\"off\": 0,\"on\": 1\n}\n',6),(2500012,3,'{\"defaultValue\": 0,\"disoff\": \"场景不触发\",\"dison\": \"场景触发\",\"off\": 0,\"on\": 1\n}\n',6),(2500013,3,'{\"defaultValue\": 0,\"disoff\": \"场景不触发\",\"dison\": \"场景触发\",\"off\": 0,\"on\": 1\n}\n',6),(2500014,3,'{\"defaultValue\": 0,\"disoff\": \"场景不触发\",\"dison\": \"场景触发\",\"off\": 0,\"on\": 1\n}\n',6),(2500015,3,'{\"defaultValue\": 0,\"disoff\": \"场景不触发\",\"dison\": \"场景触发\",\"off\": 0,\"on\": 1\n}\n',6),(2500016,3,'{\"defaultValue\": 0,\"disoff\": \"场景不触发\",\"dison\": \"场景触发\",\"off\": 0,\"on\": 1\n}\n',6),(2500017,3,'{\"defaultValue\": 0,\"disoff\": \"场景不触发\",\"dison\": \"场景触发\",\"off\": 0,\"on\": 1\n}\n',6),(2500018,3,'{\"defaultValue\": 0,\"disoff\": \"场景不触发\",\"dison\": \"场景触发\",\"off\": 0,\"on\": 1\n}\n',6),(2500019,3,'{\"defaultValue\": 0,\"disoff\": \"场景不触发\",\"dison\": \"场景触发\",\"off\": 0,\"on\": 1\n}\n',6),(2500020,3,'{\"defaultValue\": 0,\"disoff\": \"场景不触发\",\"dison\": \"场景触发\",\"off\": 0,\"on\": 1\n}\n',6),(2500021,3,'{\"defaultValue\": 0,\"disoff\": \"场景不触发\",\"dison\": \"场景触发\",\"off\": 0,\"on\": 1\n}\n',6),(2500022,3,'{\"defaultValue\": 0,\"disoff\": \"场景不触发\",\"dison\": \"场景触发\",\"off\": 0,\"on\": 1\n}\n',6),(2500023,3,'{\"defaultValue\": 0,\"disoff\": \"场景不触发\",\"dison\": \"场景触发\",\"off\": 0,\"on\": 1\n}\n',6),(2500024,3,'{\"defaultValue\": 0,\"disoff\": \"场景不触发\",\"dison\": \"场景触发\",\"off\": 0,\"on\": 1\n}\n',6),(2500025,3,'{\"defaultValue\": 0,\"disoff\": \"场景不触发\",\"dison\": \"场景触发\",\"off\": 0,\"on\": 1\n}\n',6),(2500026,3,'{\"defaultValue\": 0,\"disoff\": \"场景不触发\",\"dison\": \"场景触发\",\"off\": 0,\"on\": 1\n}\n',6),(2500027,3,'{\"defaultValue\": 0,\"disoff\": \"场景不触发\",\"dison\": \"场景触发\",\"off\": 0,\"on\": 1\n}\n',6),(2500028,3,'{\"defaultValue\": 0,\"disoff\": \"场景不触发\",\"dison\": \"场景触发\",\"off\": 0,\"on\": 1\n}\n',6),(2500029,3,'{\"defaultValue\": 0,\"disoff\": \"场景不触发\",\"dison\": \"场景触发\",\"off\": 0,\"on\": 1\n}\n',6),(2500030,3,'{\"defaultValue\": 0,\"disoff\": \"场景不触发\",\"dison\": \"场景触发\",\"off\": 0,\"on\": 1\n}\n',6),(2500031,3,'{\"defaultValue\": 0,\"disoff\": \"场景不触发\",\"dison\": \"场景触发\",\"off\": 0,\"on\": 1\n}\n',6),(2500032,3,'{\"defaultValue\": 0,\"disoff\": \"场景不触发\",\"dison\": \"场景触发\",\"off\": 0,\"on\": 1\n}\n',6),(2500033,3,'{\"defaultValue\": 0,\"disoff\": \"场景不触发\",\"dison\": \"场景触发\",\"off\": 0,\"on\": 1\n}\n',6),(2500034,3,'{\"defaultValue\": 0,\"disoff\": \"场景不触发\",\"dison\": \"场景触发\",\"off\": 0,\"on\": 1\n}\n',6),(2500035,3,'{\"defaultValue\": 0,\"disoff\": \"场景不触发\",\"dison\": \"场景触发\",\"off\": 0,\"on\": 1\n}\n',6),(2500036,3,'{\"defaultValue\": 0,\"disoff\": \"场景不触发\",\"dison\": \"场景触发\",\"off\": 0,\"on\": 1\n}\n',6),(2500037,3,'{\"defaultValue\": 0,\"disoff\": \"场景不触发\",\"dison\": \"场景触发\",\"off\": 0,\"on\": 1\n}\n',6),(2500038,3,'{\"defaultValue\": 0,\"disoff\": \"场景不触发\",\"dison\": \"场景触发\",\"off\": 0,\"on\": 1\n}\n',6),(2500039,3,'{\"defaultValue\": 0,\"disoff\": \"场景不触发\",\"dison\": \"场景触发\",\"off\": 0,\"on\": 1\n}\n',6),(2500040,3,'{\"defaultValue\": 0,\"disoff\": \"场景不触发\",\"dison\": \"场景触发\",\"off\": 0,\"on\": 1\n}\n',6),(2500041,3,'{\"defaultValue\": 0,\"disoff\": \"场景不触发\",\"dison\": \"场景触发\",\"off\": 0,\"on\": 1\n}\n',6),(2500042,3,'{\"defaultValue\": 0,\"disoff\": \"场景不触发\",\"dison\": \"场景触发\",\"off\": 0,\"on\": 1\n}\n',6),(2500043,3,'{\"defaultValue\": 0,\"disoff\": \"场景不触发\",\"dison\": \"场景触发\",\"off\": 0,\"on\": 1\n}\n',6),(2500044,3,'{\"defaultValue\": 0,\"disoff\": \"场景不触发\",\"dison\": \"场景触发\",\"off\": 0,\"on\": 1\n}\n',6),(2500045,3,'{\"defaultValue\": 0,\"disoff\": \"场景不触发\",\"dison\": \"场景触发\",\"off\": 0,\"on\": 1\n}\n',6),(2500046,3,'{\"defaultValue\": 0,\"disoff\": \"场景不触发\",\"dison\": \"场景触发\",\"off\": 0,\"on\": 1\n}\n',6),(2500047,3,'{\"defaultValue\": 0,\"disoff\": \"场景不触发\",\"dison\": \"场景触发\",\"off\": 0,\"on\": 1\n}\n',6),(2500048,3,'{\"defaultValue\": 0,\"disoff\": \"场景不触发\",\"dison\": \"场景触发\",\"off\": 0,\"on\": 1\n}\n',6),(2500049,3,'{\"defaultValue\": 0,\"disoff\": \"场景不触发\",\"dison\": \"场景触发\",\"off\": 0,\"on\": 1\n}\n',6),(2500050,3,'{\"defaultValue\": 0,\"disoff\": \"场景不触发\",\"dison\": \"场景触发\",\"off\": 0,\"on\": 1\n}\n',6),(2500051,3,'{\"defaultValue\": 0,\"disoff\": \"场景不触发\",\"dison\": \"场景触发\",\"off\": 0,\"on\": 1\n}\n',6),(2500052,3,'{\"defaultValue\": 0,\"disoff\": \"场景不触发\",\"dison\": \"场景触发\",\"off\": 0,\"on\": 1\n}\n',6),(2500053,3,'{\"defaultValue\": 0,\"disoff\": \"场景不触发\",\"dison\": \"场景触发\",\"off\": 0,\"on\": 1\n}\n',6),(2500054,3,'{\"defaultValue\": 0,\"disoff\": \"场景不触发\",\"dison\": \"场景触发\",\"off\": 0,\"on\": 1\n}\n',6),(2500055,3,'{\"defaultValue\": 0,\"disoff\": \"场景不触发\",\"dison\": \"场景触发\",\"off\": 0,\"on\": 1\n}\n',6),(2500056,3,'{\"defaultValue\": 0,\"disoff\": \"场景不触发\",\"dison\": \"场景触发\",\"off\": 0,\"on\": 1\n}\n',6),(2500057,3,'{\"defaultValue\": 0,\"disoff\": \"场景不触发\",\"dison\": \"场景触发\",\"off\": 0,\"on\": 1\n}\n',6),(2500058,3,'{\"defaultValue\": 0,\"disoff\": \"场景不触发\",\"dison\": \"场景触发\",\"off\": 0,\"on\": 1\n}\n',6),(2500059,3,'{\"defaultValue\": 0,\"disoff\": \"场景不触发\",\"dison\": \"场景触发\",\"off\": 0,\"on\": 1\n}\n',6),(2500060,3,'{\"defaultValue\": 0,\"disoff\": \"场景不触发\",\"dison\": \"场景触发\",\"off\": 0,\"on\": 1\n}\n',6),(2500061,3,'{\"defaultValue\": 0,\"disoff\": \"场景不触发\",\"dison\": \"场景触发\",\"off\": 0,\"on\": 1\n}\n',6),(2500062,3,'{\"defaultValue\": 0,\"disoff\": \"场景不触发\",\"dison\": \"场景触发\",\"off\": 0,\"on\": 1\n}\n',6),(2500063,3,'{\"defaultValue\": 0,\"disoff\": \"场景不触发\",\"dison\": \"场景触发\",\"off\": 0,\"on\": 1\n}\n',6),(2500064,3,'{\"defaultValue\": 0,\"disoff\": \"场景不触发\",\"dison\": \"场景触发\",\"off\": 0,\"on\": 1\n}\n',6),(2500065,3,'{\"defaultValue\": 0,\"disoff\": \"场景不触发\",\"dison\": \"场景触发\",\"off\": 0,\"on\": 1\n}\n',6),(2500066,3,'{\"defaultValue\": 0,\"disoff\": \"场景不触发\",\"dison\": \"场景触发\",\"off\": 0,\"on\": 1\n}\n',6),(2500067,3,'{\"defaultValue\": 0,\"disoff\": \"场景不触发\",\"dison\": \"场景触发\",\"off\": 0,\"on\": 1\n}\n',6),(2500068,3,'{\"defaultValue\": 0,\"disoff\": \"场景不触发\",\"dison\": \"场景触发\",\"off\": 0,\"on\": 1\n}\n',6),(2500069,3,'{\"defaultValue\": 0,\"disoff\": \"场景不触发\",\"dison\": \"场景触发\",\"off\": 0,\"on\": 1\n}\n',6),(2500070,3,'{\"defaultValue\": 0,\"disoff\": \"场景不触发\",\"dison\": \"场景触发\",\"off\": 0,\"on\": 1\n}\n',6),(2500071,3,'{\"defaultValue\": 0,\"disoff\": \"场景不触发\",\"dison\": \"场景触发\",\"off\": 0,\"on\": 1\n}\n',6),(2500072,3,'{\"defaultValue\": 0,\"disoff\": \"场景不触发\",\"dison\": \"场景触发\",\"off\": 0,\"on\": 1\n}\n',6),(2500073,3,'{\"defaultValue\": 0,\"disoff\": \"场景不触发\",\"dison\": \"场景触发\",\"off\": 0,\"on\": 1\n}\n',6),(2500074,3,'{\"defaultValue\": 0,\"disoff\": \"场景不触发\",\"dison\": \"场景触发\",\"off\": 0,\"on\": 1\n}\n',6),(2500075,3,'{\"defaultValue\": 0,\"disoff\": \"场景不触发\",\"dison\": \"场景触发\",\"off\": 0,\"on\": 1\n}\n',6),(2500076,3,'{\"defaultValue\": 0,\"disoff\": \"场景不触发\",\"dison\": \"场景触发\",\"off\": 0,\"on\": 1\n}\n',6),(2500077,3,'{\"defaultValue\": 0,\"disoff\": \"场景不触发\",\"dison\": \"场景触发\",\"off\": 0,\"on\": 1\n}\n',6),(2500078,3,'{\"defaultValue\": 0,\"disoff\": \"场景不触发\",\"dison\": \"场景触发\",\"off\": 0,\"on\": 1\n}\n',6),(2500079,3,'{\"defaultValue\": 0,\"disoff\": \"场景不触发\",\"dison\": \"场景触发\",\"off\": 0,\"on\": 1\n}\n',6),(2500080,3,'{\"defaultValue\": 0,\"disoff\": \"场景不触发\",\"dison\": \"场景触发\",\"off\": 0,\"on\": 1\n}\n',6),(2500081,3,'{\"defaultValue\": 0,\"disoff\": \"场景不触发\",\"dison\": \"场景触发\",\"off\": 0,\"on\": 1\n}\n',6),(2500082,3,'{\"defaultValue\": 0,\"disoff\": \"场景不触发\",\"dison\": \"场景触发\",\"off\": 0,\"on\": 1\n}\n',6),(2500083,3,'{\"defaultValue\": 0,\"disoff\": \"场景不触发\",\"dison\": \"场景触发\",\"off\": 0,\"on\": 1\n}\n',6),(2500084,3,'{\"defaultValue\": 0,\"disoff\": \"场景不触发\",\"dison\": \"场景触发\",\"off\": 0,\"on\": 1\n}\n',6),(2500085,3,'{\"defaultValue\": 0,\"disoff\": \"场景不触发\",\"dison\": \"场景触发\",\"off\": 0,\"on\": 1\n}\n',6),(2500086,3,'{\"defaultValue\": 0,\"disoff\": \"场景不触发\",\"dison\": \"场景触发\",\"off\": 0,\"on\": 1\n}\n',6),(2500087,3,'{\"defaultValue\": 0,\"disoff\": \"场景不触发\",\"dison\": \"场景触发\",\"off\": 0,\"on\": 1\n}\n',6),(2500088,3,'{\"defaultValue\": 0,\"disoff\": \"场景不触发\",\"dison\": \"场景触发\",\"off\": 0,\"on\": 1\n}\n',6),(2500089,3,'{\"defaultValue\": 0,\"disoff\": \"场景不触发\",\"dison\": \"场景触发\",\"off\": 0,\"on\": 1\n}\n',6),(2500090,3,'{\"defaultValue\": 0,\"disoff\": \"场景不触发\",\"dison\": \"场景触发\",\"off\": 0,\"on\": 1\n}\n',6),(2500091,3,'{\"defaultValue\": 0,\"disoff\": \"场景不触发\",\"dison\": \"场景触发\",\"off\": 0,\"on\": 1\n}\n',6),(2500092,3,'{\"defaultValue\": 0,\"disoff\": \"场景不触发\",\"dison\": \"场景触发\",\"off\": 0,\"on\": 1\n}\n',6),(2500093,3,'{\"defaultValue\": 0,\"disoff\": \"场景不触发\",\"dison\": \"场景触发\",\"off\": 0,\"on\": 1\n}\n',6),(2500094,3,'{\"defaultValue\": 0,\"disoff\": \"场景不触发\",\"dison\": \"场景触发\",\"off\": 0,\"on\": 1\n}\n',6),(2500095,3,'{\"defaultValue\": 0,\"disoff\": \"场景不触发\",\"dison\": \"场景触发\",\"off\": 0,\"on\": 1\n}\n',6),(2500096,3,'{\"defaultValue\": 0,\"disoff\": \"场景不触发\",\"dison\": \"场景触发\",\"off\": 0,\"on\": 1\n}\n',6),(2500097,3,'{\"defaultValue\": 0,\"disoff\": \"场景不触发\",\"dison\": \"场景触发\",\"off\": 0,\"on\": 1\n}\n',6),(2500098,3,'{\"defaultValue\": 0,\"disoff\": \"场景不触发\",\"dison\": \"场景触发\",\"off\": 0,\"on\": 1\n}\n',6),(2500099,3,'{\"defaultValue\": 0,\"disoff\": \"场景不触发\",\"dison\": \"场景触发\",\"off\": 0,\"on\": 1\n}\n',6),(300001,2,'{\"alarmclass\":3,\"alarmstring\":\"压缩机故障\"}',1),(300002,2,'{\"alarmclass\":2,\"alarmstring\":\"冷藏室1温度传感器故障\"}',1),(300003,2,'{\"alarmclass\":2,\"alarmstring\":\"冷藏室1温度传感器故障\"}',1),(300007,2,'{\"alarmclass\":2,\"alarmstring\":\"冷藏室5温度传感器故障\"}',1),(300008,2,'{\"alarmclass\":2,\"alarmstring\":\"冷藏室6温度传感器故障\"}',1),(300009,2,'{\"alarmclass\":2,\"alarmstring\":\"变温室1温度传感器故障\"}',1),(300010,2,'{\"alarmclass\":2,\"alarmstring\":\"变温室2温度传感器故障\"}',1),(300011,2,'{\"alarmclass\":2,\"alarmstring\":\"变温室3温度传感器故障\"}',1),(300012,2,'{\"alarmclass\":2,\"alarmstring\":\"冷冻室1温度传感器故障\"}',1),(300013,2,'{\"alarmclass\":2,\"alarmstring\":\"冷冻室2温度传感器故障\"}',1),(300014,2,'{\"alarmclass\":2,\"alarmstring\":\"冷冻室3温度传感器故障\"}',1),(300015,2,'{\"alarmclass\":2,\"alarmstring\":\"冷冻室4温度传感器故障\"}',1),(300016,2,'{\"alarmclass\":2,\"alarmstring\":\"饮品室温度传感器故障\"}',1),(300017,2,'{\"alarmclass\":2,\"alarmstring\":\"果蔬室温度传感器故障\"}',1),(300018,2,'{\"alarmclass\":2,\"alarmstring\":\"冷藏湿度传感器故障\"}',1),(300019,2,'{\"alarmclass\":2,\"alarmstring\":\"变温室1湿度传感器故障\"}',1),(300021,2,'{\"alarmclass\":2,\"alarmstring\":\"变温室2湿度传感器故障\"}',1),(300022,2,'{\"alarmclass\":2,\"alarmstring\":\"变温室3湿度传感器故障\"}',1),(300023,2,'{\"alarmclass\":2,\"alarmstring\":\"冷藏室1温度超温异常\"}',1),(300024,2,'{\"alarmclass\":2,\"alarmstring\":\"冷藏室2温度超温异常\"}',1),(300025,2,'{\"alarmclass\":2,\"alarmstring\":\"冷藏室3温度超温异常\"}',1),(300026,2,'{\"alarmclass\":2,\"alarmstring\":\"冷藏室4温度超温异常\"}',1),(300027,2,'{\"alarmclass\":2,\"alarmstring\":\"冷藏室5温度超温异常\"}',1),(300028,2,'{\"alarmclass\":2,\"alarmstring\":\"冷藏室6温度超温异常\"}',1),(300029,2,'{\"alarmclass\":2,\"alarmstring\":\"变温室1温度超温异常\"}',1),(300030,2,'{\"alarmclass\":2,\"alarmstring\":\"变温室2温度超温异常\"}',1),(300031,2,'{\"alarmclass\":2,\"alarmstring\":\"变温室3温度超温异常\"}',1),(300032,2,'{\"alarmclass\":2,\"alarmstring\":\"冷冻室1温度超温异常\"}',1),(300033,2,'{\"alarmclass\":2,\"alarmstring\":\"冷冻室2温度超温异常\"}',1),(300034,2,'{\"alarmclass\":2,\"alarmstring\":\"冷冻室3温度超温异常\"}',1),(300035,2,'{\"alarmclass\":2,\"alarmstring\":\"冷冻室4温度超温异常\"}',1),(300036,2,'{\"alarmclass\":2,\"alarmstring\":\"饮品室温度超温异常\"}',1),(300037,2,'{\"alarmclass\":2,\"alarmstring\":\"果蔬室温度超温异常\"}',1),(300038,2,'{\"alarmclass\":2,\"alarmstring\":\"冷藏室1开门异常\"}',1),(300039,2,'{\"alarmclass\":2,\"alarmstring\":\"冷藏室2开门异常\"}',1),(300040,2,'{\"alarmclass\":2,\"alarmstring\":\"冷藏室3开门异常\"}',1),(300041,2,'{\"alarmclass\":2,\"alarmstring\":\"冷藏室4开门异常\"}',1),(300042,2,'{\"alarmclass\":2,\"alarmstring\":\"冷藏室5开门异常\"}',1),(300043,2,'{\"alarmclass\":2,\"alarmstring\":\"冷藏室6开门异常\"}',1),(300044,2,'{\"alarmclass\":2,\"alarmstring\":\"变温室1开门异常\"}',1),(300045,2,'{\"alarmclass\":2,\"alarmstring\":\"变温室2开门异常\"}',1),(300046,2,'{\"alarmclass\":2,\"alarmstring\":\"变温室3开门异常\"}',1),(300047,2,'{\"alarmclass\":1,\"alarmstring\":\"冷冻室1开门异常\"}',1),(300048,2,'{\"alarmclass\":1,\"alarmstring\":\"冷冻室2开门异常\"}',1),(300049,2,'{\"alarmclass\":1,\"alarmstring\":\"冷冻室3开门异常\"}',1),(300050,2,'{\"alarmclass\":1,\"alarmstring\":\"冷冻室4开门异常\"}',1),(300051,2,'{\"alarmclass\":1,\"alarmstring\":\"饮品室开门异常\"}',1),(300052,2,'{\"alarmclass\":1,\"alarmstring\":\"果蔬室开门异常\"}',1),(500001,2,'{\"alarmclass\":3,\"alarmstring\":\"排水异常\"}',1),(500002,2,'{\"alarmclass\":2,\"alarmstring\":\"水排空异常\"}',1),(500003,2,'{\"alarmclass\":2,\"alarmstring\":\"门锁异常\"}',1),(500004,2,'{\"alarmclass\":2,\"alarmstring\":\"门锁锁门异常\"}',1),(500005,2,'{\"alarmclass\":2,\"alarmstring\":\"门锁解除异常\"}',1),(500006,2,'{\"alarmclass\":2,\"alarmstring\":\"进水异常\"}',1),(500007,2,'{\"alarmclass\":2,\"alarmstring\":\"进水水位异常\"}',1),(500008,2,'{\"alarmclass\":3,\"alarmstring\":\"洗涤过程中水位降低\"}',1),(500009,2,'{\"alarmclass\":2,\"alarmstring\":\"不平衡不能甩干提醒\"}',1),(500010,2,'{\"alarmclass\":2,\"alarmstring\":\"衣物脱水不平衡\"}',1),(500011,2,'{\"alarmclass\":2,\"alarmstring\":\"水位溢出异常\"}',1),(500012,2,'{\"alarmclass\":3,\"alarmstring\":\"水位超过设定的超高水位\"}',1),(500013,2,'{\"alarmclass\":2,\"alarmstring\":\"烘干时水位高\"}',1),(500014,2,'{\"alarmclass\":2,\"alarmstring\":\"温度传感器异常\"}',1),(500015,2,'{\"alarmclass\":3,\"alarmstring\":\"水温传感器故障\"}',1),(500016,2,'{\"alarmclass\":3,\"alarmstring\":\"加热管异常\"}',1),(500017,2,'{\"alarmclass\":3,\"alarmstring\":\"水加热器故障\"}',1),(500018,2,'{\"alarmclass\":3,\"alarmstring\":\"电机停转异常\"}',1),(500019,2,'{\"alarmclass\":2,\"alarmstring\":\"霍尔电路异常\"}',1),(500020,2,'{\"alarmclass\":2,\"alarmstring\":\"速度错误\"}',1),(500021,2,'{\"alarmclass\":3,\"alarmstring\":\"电压过高\"}',1),(500022,2,'{\"alarmclass\":3,\"alarmstring\":\"电压过低\"}',1),(500023,2,'{\"alarmclass\":3,\"alarmstring\":\"电机温度检测断路\"}',1),(500024,2,'{\"alarmclass\":3,\"alarmstring\":\"电机定子高温保护\"}',1),(500025,2,'{\"alarmclass\":3,\"alarmstring\":\"电流检测电路故障\"}',1),(500026,2,'{\"alarmclass\":3,\"alarmstring\":\"DD电机停机异常\"}',1),(500027,2,'{\"alarmclass\":2,\"alarmstring\":\"IPM故障\"}',1),(500028,2,'{\"alarmclass\":2,\"alarmstring\":\"缺相保护\"}',1),(500029,2,'{\"alarmclass\":2,\"alarmstring\":\"启动失败\"}',1),(500030,2,'{\"alarmclass\":3,\"alarmstring\":\"烘干温度传感器异常\"}',1),(500031,2,'{\"alarmclass\":2,\"alarmstring\":\"滚筒进风口温度传感器异常\"}',1),(500032,2,'{\"alarmclass\":2,\"alarmstring\":\"冷凝温度传感器异常\"}',1),(500033,2,'{\"alarmclass\":2,\"alarmstring\":\"水位传感器异常\"}',1),(500034,2,'{\"alarmclass\":2,\"alarmstring\":\"水位传感器异常\"}',1),(500035,2,'{\"alarmclass\":2,\"alarmstring\":\"通信错误\"}',1),(500036,2,'{\"alarmclass\":2,\"alarmstring\":\"主控芯片与变频芯片通信异常\"}',1),(500037,2,'{\"alarmclass\":2,\"alarmstring\":\"主控芯片与驱动芯片通信异常\"}',1),(500038,2,'{\"alarmclass\":2,\"alarmstring\":\"主控芯片与显示芯片通信异常\"}',1),(500039,2,'{\"alarmclass\":3,\"alarmstring\":\"烘干加热管异常\"}',1),(500040,2,'{\"alarmclass\":3,\"alarmstring\":\"烘干继电器异常\"}',1),(500041,2,'{\"alarmclass\":3,\"alarmstring\":\"烘干加热管、温度电保险丝或恒温器异常\"}',1),(500042,2,'{\"alarmclass\":3,\"alarmstring\":\"烘干风机异常\"}',1),(500043,2,'{\"alarmclass\":3,\"alarmstring\":\"风机启动异常\"}',1),(500044,2,'{\"alarmclass\":3,\"alarmstring\":\"烘干过滤器未安装到位\"}',1),(500045,2,'{\"alarmclass\":1,\"alarmstring\":\"洗涤液用完\"}',1),(500046,2,'{\"alarmclass\":1,\"alarmstring\":\"柔顺剂用完\"}',1),(500047,2,'{\"alarmclass\":1,\"alarmstring\":\"结束处理提醒\"}',1),(500048,2,'{\"alarmclass\":2,\"alarmstring\":\"负离子抽屉被打开\"}',1),(500049,2,'{\"alarmclass\":2,\"alarmstring\":\"筒内温度过高，不能开门\"}',1),(500050,2,'{\"alarmclass\":3,\"alarmstring\":\"筒内水位过高，不能开门\"}',1),(600051,2,'{\"alarmclass\":3,\"alarmstring\":\"室内机总故障异常\"}',1),(600052,2,'{\"alarmclass\":3,\"alarmstring\":\"室外机总故障异常\"}',1),(600053,2,'{\"alarmclass\":3,\"alarmstring\":\"室内制热过载/高负荷异常\"}',1),(600054,2,'{\"alarmclass\":3,\"alarmstring\":\"室外模块故障\"}',1),(600055,2,'{\"alarmclass\":3,\"alarmstring\":\"室外除霜传感器故障\"}',1),(600056,2,'{\"alarmclass\":2,\"alarmstring\":\"室外排气传感器故障\"}',1),(600057,2,'{\"alarmclass\":2,\"alarmstring\":\"室外AC电流保护\"}',1),(600058,2,'{\"alarmclass\":3,\"alarmstring\":\"室外EEPROM异常\"}',1),(600059,2,'{\"alarmclass\":2,\"alarmstring\":\"室内盘管传感器故障\"}',1),(600060,2,'{\"alarmclass\":3,\"alarmstring\":\"室外压机运转异常\"}',1),(600061,2,'{\"alarmclass\":2,\"alarmstring\":\"室外DC电流保护\"}',1),(600062,2,'{\"alarmclass\":2,\"alarmstring\":\"室内外通信故障\"}',1),(600063,2,'{\"alarmclass\":2,\"alarmstring\":\"电源超、欠压保护\"}',1),(600064,2,'{\"alarmclass\":2,\"alarmstring\":\"面板与内机通信故障\"}',1),(600065,2,'{\"alarmclass\":2,\"alarmstring\":\"室外无负载故障\"}',1),(600066,2,'{\"alarmclass\":3,\"alarmstring\":\"室外压机过热保护\"}',1),(600067,2,'{\"alarmclass\":3,\"alarmstring\":\"CT电流异常\"}',1),(600068,2,'{\"alarmclass\":2,\"alarmstring\":\"室外环境传感器异常\"}',1),(600069,2,'{\"alarmclass\":2,\"alarmstring\":\"室外盘管传感器异常\"}',1),(600070,2,'{\"alarmclass\":2,\"alarmstring\":\"满水保护\"}',1),(600071,2,'{\"alarmclass\":2,\"alarmstring\":\"室内制冷结冰保护\"}',1),(600072,2,'{\"alarmclass\":3,\"alarmstring\":\"高低压力保护\"}',1),(600073,2,'{\"alarmclass\":2,\"alarmstring\":\"室外蒸发传感器故障\"}',1),(600074,2,'{\"alarmclass\":3,\"alarmstring\":\"室外制冷过载\"}',1),(600075,2,'{\"alarmclass\":3,\"alarmstring\":\"室内EEPROM故障\"}',1),(600076,2,'{\"alarmclass\":3,\"alarmstring\":\"室外回气传感器故障\"}',1),(600077,2,'{\"alarmclass\":3,\"alarmstring\":\"压机传感器故障\"}',1),(600078,2,'{\"alarmclass\":3,\"alarmstring\":\"压机回气温度过高\"}',1),(600079,2,'{\"alarmclass\":3,\"alarmstring\":\"水泵排水故障\"}',1),(600080,2,'{\"alarmclass\":3,\"alarmstring\":\"三相电电源故障\"}',1),(600081,2,'{\"alarmclass\":2,\"alarmstring\":\"CBD与模块通信故障\"}',1),(600082,2,'{\"alarmclass\":3,\"alarmstring\":\"室内风机故障\"}',1),(600083,2,'{\"alarmclass\":3,\"alarmstring\":\"室外风机故障\"}',1),(600084,2,'{\"alarmclass\":3,\"alarmstring\":\"四通阀故障\"}',1),(600085,2,'{\"alarmclass\":2,\"alarmstring\":\"门开关故障\"}',1),(600086,2,'{\"alarmclass\":1,\"alarmstring\":\"除尘网需清洗提示\"}',1),(600087,2,'{\"alarmclass\":2,\"alarmstring\":\"缺水保护\"}',1),(600088,2,'{\"alarmclass\":2,\"alarmstring\":\"湿度传感器故障\"}',1),(600089,2,'{\"alarmclass\":2,\"alarmstring\":\"室内温度传感器故障\"}',1),(600090,2,'{\"alarmclass\":2,\"alarmstring\":\"外部报警/耙流开关故障\"}',1),(600091,2,'{\"alarmclass\":2,\"alarmstring\":\"温度截止保护异常\"}',1),(600092,2,'{\"alarmclass\":2,\"alarmstring\":\"异模式运转故障\"}',1),(600093,2,'{\"alarmclass\":3,\"alarmstring\":\"电子膨胀阀故障\"}',1),(600094,2,'{\"alarmclass\":2,\"alarmstring\":\"室内蒸发传感器故障\"}',1),(600095,2,'{\"alarmclass\":2,\"alarmstring\":\"故障电弧保护\"}',1),(600096,2,'{\"alarmclass\":3,\"alarmstring\":\"漏电保护\"}',1),(600097,2,'{\"alarmclass\":3,\"alarmstring\":\"错接线保护\"}',1),(600098,2,'{\"alarmclass\":2,\"alarmstring\":\"跳线帽故障保护\"}',1),(600099,2,'{\"alarmclass\":3,\"alarmstring\":\"无地线\"}',1),(700000,2,'{\"alarmclass\":2,\"alarmstring\":\"二氧化碳浓度异常\"}',1),(700001,2,'{\"alarmclass\":3,\"alarmstring\":\"短路保护\"}',1),(700002,2,'{\"alarmclass\":2,\"alarmstring\":\"紫外线故障\"}',1),(700003,2,'{\"alarmclass\":2,\"alarmstring\":\"水泵过载保护/水泵故障/水流开关故障\"}',1),(700004,2,'{\"alarmclass\":2,\"alarmstring\":\"高压保护/系统高压保护/压缩机高压保护\"}',1),(700005,2,'{\"alarmclass\":2,\"alarmstring\":\"防冻结保护/板式换热器防冻保护/蒸发器防冻结保护/防低温\"}',1),(700006,2,'{\"alarmclass\":2,\"alarmstring\":\"低压保护/系统低压保护/压缩机低压保护\"}',1),(700007,2,'{\"alarmclass\":2,\"alarmstring\":\"排气高温保护/压缩机排气保护/压缩机排气高温保护\"}',1),(700008,2,'{\"alarmclass\":2,\"alarmstring\":\"过流保护/过载保护/压缩机过流保护/压缩机过载保护\"}',1),(700009,2,'{\"alarmclass\":2,\"alarmstring\":\"通信故障\"}',1),(700010,2,'{\"alarmclass\":2,\"alarmstring\":\"外风机过载保护\"}',1),(700011,2,'{\"alarmclass\":3,\"alarmstring\":\"火灾报警\"}',1),(700012,2,'{\"alarmclass\":3,\"alarmstring\":\"系统缺氟或堵塞保护\"}',1),(700013,2,'{\"alarmclass\":3,\"alarmstring\":\"二氧化碳检测故障\"}',1),(700014,2,'{\"alarmclass\":2,\"alarmstring\":\"壳顶感温包故障保护\"}',1),(700015,2,'{\"alarmclass\":2,\"alarmstring\":\"静电除尘保护\"}',1),(700016,2,'{\"alarmclass\":2,\"alarmstring\":\"压缩机过热开关保护\"}',1),(700017,2,'{\"alarmclass\":3,\"alarmstring\":\"系统异常\"}',1),(700018,2,'{\"alarmclass\":3,\"alarmstring\":\"电机故障\"}',1),(700019,2,'{\"alarmclass\":3,\"alarmstring\":\"主板通信故障\"}',1),(700020,2,'{\"alarmclass\":3,\"alarmstring\":\"串口通信故障\"}',1),(700021,2,'{\"alarmclass\":3,\"alarmstring\":\"电机故障\"}',1),(700022,3,'{\"alarmclass\":2,\"alarmstring\":\"加湿缺水\"}',1),(700023,2,'{\"alarmclass\":2,\"alarmstring\":\"传感器故障\"}',1),(700024,2,'{\"alarmclass\":2,\"alarmstring\":\"滤网更换\"}',1),(700025,2,'{\"alarmclass\":2,\"alarmstring\":\"VOC传感器故障\"}',1),(800001,2,'{\"alarmclass\":3,\"alarmstring\":\"有害气体报警\"}',1),(800002,2,'{\"alarmclass\":2,\"alarmstring\":\"气体传感器故障\"}',1),(800003,2,'{\"alarmclass\":1,\"alarmstring\":\"通信故障\"}',1),(800004,2,'{\"alarmclass\":2,\"alarmstring\":\"开门异常\"}',1),(800005,2,'{\"alarmclass\":2,\"alarmstring\":\"温度传感器故障\"}',1),(800006,2,'{\"alarmclass\":2,\"alarmstring\":\"漏水报警\"}',1),(800007,2,'{\"alarmclass\":2,\"alarmstring\":\"排水报警\"}',1),(800008,2,'{\"alarmclass\":2,\"alarmstring\":\"进水报警\"}',1),(800009,2,'{\"alarmclass\":2,\"alarmstring\":\"溢水报警\"}',1),(800010,2,'{\"alarmclass\":2,\"alarmstring\":\"水位传感器报警\"}',1),(800011,2,'{\"alarmclass\":2,\"alarmstring\":\"分水阀报警\"}',1),(800012,2,'{\"alarmclass\":2,\"alarmstring\":\"高水位报警\"}',1),(800013,2,'{\"alarmclass\":3,\"alarmstring\":\"意外熄火\"}',1),(800014,2,'{\"alarmclass\":3,\"alarmstring\":\"灶具故障\"}',1),(800015,2,'{\"alarmclass\":2,\"alarmstring\":\"检测到异常烟雾\"}',1),(800016,2,'{\"alarmclass\":3,\"alarmstring\":\"烟机故障\"}',1),(900000,3,'{\"alarmclass\":1,\"alarmstring\":\"超温\"}',0),(900001,2,'{\"alarmclass\":2,\"alarmstring\":\"传感器故障\"}',1),(900002,2,'{\"alarmclass\":2,\"alarmstring\":\"干烧超温报警\"}',1),(900003,2,'{\"alarmclass\":3,\"alarmstring\":\"漏电报警\"}',1),(1300050,2,'{\"alarmclass\":3,\"alarmstring\":\"电路故障\"}',1),(1300051,2,'{\"alarmclass\":3,\"alarmstring\":\"电机过热\"}',1),(1400010,3,'{\"alarmclass\":1,\"alarmstring\":\"烟雾报警\"}',1),(1400011,2,'{\"alarmclass\":3,\"alarmstring\":\"燃气报警\"}',1),(1400012,2,'{\"alarmclass\":3,\"alarmstring\":\"水漏报警\"}',1),(1400013,2,'{\"alarmclass\":3,\"alarmstring\":\"门磁报警\"}',1),(1400050,3,'{\"alarmclass\":2,\"alarmstring\":\"有人\"}',1),(1400051,2,'{\"alarmclass\":2,\"alarmstring\":\"无人\"}',1),(1500001,2,'{\"alarmclass\":3,\"alarmstring\":\"紧急求救\"}',1),(1200023,3,'{\"DefaultValue\":0,\"Max\":10,\"Min\":0,\"disScaling\":1,\"unit\":0}',8),(1200024,3,'{\"DefaultValue\":0,\"Max\":255,\"Min\":0,\"disScaling\":1,\"unit\":0}',8),(1200001,3,'{\"defaultValue\":0,\"disoff\":\"不动作\",\"dison\":\"触发\",\"off\":0,\"on\":1}',1),(1200002,3,'{\"defaultValue\":0,\"disoff\":\"不动作\",\"dison\":\"触发\",\"off\":0,\"on\":1}',1),(1200003,3,'{\"defaultValue\":0,\"disoff\":\"不动作\",\"dison\":\"触发\",\"off\":0,\"on\":1}',1);
/*!40000 ALTER TABLE `parameter_default` ENABLE KEYS */;
UNLOCK TABLES;

--
-- Table structure for table `t_test_case`
--

DROP TABLE IF EXISTS `t_test_case`;
/*!40101 SET @saved_cs_client     = @@character_set_client */;
/*!40101 SET character_set_client = utf8 */;
CREATE TABLE `t_test_case` (
  `id` int(11) NOT NULL AUTO_INCREMENT,
  `controller_name` varchar(1000) DEFAULT NULL,
  `created_time` datetime DEFAULT NULL,
  `description` varchar(1000) DEFAULT NULL,
  `last_updated_time` datetime DEFAULT NULL,
  `method_name` varchar(1000) DEFAULT NULL,
  `project_name` varchar(1000) DEFAULT NULL,
  `request_json` varchar(1000) DEFAULT NULL,
  `response_json` varchar(1000) DEFAULT NULL,
  `test_case_name` varchar(1000) DEFAULT NULL,
  PRIMARY KEY (`id`)
) ENGINE=MyISAM AUTO_INCREMENT=13 DEFAULT CHARSET=utf8;
/*!40101 SET character_set_client = @saved_cs_client */;

--
-- Dumping data for table `t_test_case`
--

LOCK TABLES `t_test_case` WRITE;
/*!40000 ALTER TABLE `t_test_case` DISABLE KEYS */;
INSERT INTO `t_test_case` VALUES (1,NULL,NULL,NULL,NULL,NULL,'smart-user-center','{\"mobile\": \"15637176202\",\"businessType\": 1}','{\"status\": {\"code\": \"BS01001\",\"message\": \"success\"}}','testSendMobileVerCode'),(2,NULL,NULL,NULL,NULL,NULL,'smart-user-center','{\"mobile\":\"15637176202\",\"password\":\"12345678a\",\"verCode\":\"9457\"}','{\"status\": {\"code\": \"BS01001\",\"message\": \"success\"}}','testRegister'),(3,NULL,NULL,NULL,NULL,NULL,'smart-user-center','{\"username\":\"15637176202\",\"password\":\"12345678a\"}','{\"status\": {\"code\": \"BS01001\",\"message\": \"success\"}}','testLogin'),(5,NULL,NULL,NULL,NULL,NULL,'smart-user-center','{\"token\":\"TGT-1-ASQJNjapKphJvfc2wCoQjciHLMstsJ9Udk1lnds1MBOBzlW1Md-cas01.example.org\"}','{\"status\": {\"code\": \"BS01001\",\"message\": \"success\"}}','testLogout'),(6,NULL,NULL,NULL,NULL,NULL,'smart-user-center','{\"token\":\"TGT-65-s6qwWwZpqmKyKJwmeqxeUApwwGadoQUkwq5K9SdJAoSc9WUGQp-cas01.example.org\",\"userId\":\"806015508305412096\",\"updateUserInfo\":{\"nickname\":\"小豪\",\"sex\":\"1\",\"birthday\":\"2016-06-13\"}}','{\"status\": {\"code\": \"BS01001\",\"message\": \"success\"}}','testUpdateUserInfo'),(7,NULL,NULL,NULL,NULL,NULL,'smart-user-center','{\"token\":\"TGT-154-ER5H2pZZxyN4eiRfFmlC1dQpLV0XEAVwPSgkZFjdU46kqwPT2i-cas01.example.org\"}','{\"status\": {\"code\": \"BS01001\",\"message\": \"success\"}}','testGetUserInfo'),(8,NULL,NULL,NULL,NULL,NULL,'smart-user-center','{\"token\":\"TGT-96-6pdzQedoQHIYJQYbHRrXJOu0WaxegSL7t91UIsPgGbrzTIcdMb-cas01.example.org\",\"userId\":\"806015508305412096\",\"password\":\"tcl12345678a\",\"newPassword\":\"Abc12341235a\"}','{\"status\": {\"code\": \"BS01001\",\"message\": \"success\"}}','testUpdatePwd'),(9,NULL,NULL,NULL,NULL,NULL,'smart-user-center','{\"token\":\"TGT-12-H3DgfHxHcvvoojYAp3DLkjOFGrC7mOhgCldlbJFKfQOWRwWkUk-cas01.example.org\"}','{\"status\": {\"code\": \"BS01001\",\"message\": \"success\"}}','testCheckToken'),(10,NULL,NULL,NULL,NULL,NULL,'smart-user-center','{\"mobile\": \"13713601819\"}','{\"status\": {\"code\": \"BS01001\",\"message\": \"success\"}}','testIsMobileFree'),(11,NULL,NULL,NULL,NULL,NULL,'smart-user-center','{\"token\":\"TGT-156-UKcECvCWtRJTVsollf0aT3i1FIb2Ycx9MTNPxZqBQz3uGQjiit-cas01.example.org\",\"userId\":\"806015508305412096\",\"findUser\":{\"userKey\":\"714122951@qq.com\"}}','{\"status\": {\"code\": \"BS01001\",\"message\": \"success\"}}','testFindUser'),(12,NULL,NULL,NULL,NULL,NULL,'smart-user-center','{\"publicKey\":\"13244123fadfasdf\",\"userId\":\"806015508305412096\",\"token\":\"TGT-355-jkwNHgAQWhCByeUhOREa6VJkP5PbydEmdzeeOkN3Oagle2Xp2I-cas01.example.org\"}','{\"status\": {\"code\": \"BS01001\",\"message\": \"success\"}}','testGetSignCert');
/*!40000 ALTER TABLE `t_test_case` ENABLE KEYS */;
UNLOCK TABLES;

--
-- Table structure for table `t_user`
--

DROP TABLE IF EXISTS `t_user`;
/*!40101 SET @saved_cs_client     = @@character_set_client */;
/*!40101 SET character_set_client = utf8 */;
CREATE TABLE `t_user` (
  `user_id` bigint(11) NOT NULL AUTO_INCREMENT,
  `third_user_id` int(11) DEFAULT NULL COMMENT '第三方账户系统的userId',
  `nick_name` varchar(50) DEFAULT NULL COMMENT '昵称',
  `password` varchar(32) DEFAULT NULL COMMENT '密码',
  `name` varchar(50) DEFAULT NULL COMMENT '真实姓名',
  `id_card_no` varchar(20) DEFAULT NULL COMMENT '身份证号',
  `email` varchar(50) DEFAULT NULL COMMENT '邮件',
  `mobile` varchar(20) DEFAULT NULL COMMENT '手机',
  `register_type` char(1) NOT NULL COMMENT '注册类型',
  `register_time` date NOT NULL COMMENT '注册时间',
  `update_time` date NOT NULL COMMENT '更新时间',
  `account_status` varchar(2) NOT NULL COMMENT '1：id注册没有绑定邮箱和手机，2：id注册绑定了邮箱，3：id注册绑定了手机，4：id注册绑定了邮箱和手机，5：邮箱注册未激活，6：邮箱注册激活但没绑定手机，7：邮箱注册激活且绑定了手机 8：手机注册未激活，9：手机注册激活但没绑定邮箱，10：手机注册激活且绑定了邮箱',
  `head_pic` varchar(200) DEFAULT NULL COMMENT '头像url',
  `age` int(3) DEFAULT NULL COMMENT '年龄',
  `sex` varchar(5) DEFAULT NULL COMMENT '男女',
  `birthday` varchar(15) DEFAULT NULL COMMENT '出生日期',
  `job` varchar(20) DEFAULT NULL COMMENT '职业',
  `province` varchar(50) DEFAULT NULL COMMENT '地址-省',
  `city` varchar(50) DEFAULT NULL COMMENT '地址-市',
  `region` varchar(50) DEFAULT NULL COMMENT '地址-区',
  `account_type` char(1) DEFAULT NULL COMMENT '账户系统类型:mie:1',
  PRIMARY KEY (`user_id`),
  UNIQUE KEY `name` (`name`,`account_type`),
  KEY `idx_nameAccountType` (`name`,`account_type`)
) ENGINE=InnoDB AUTO_INCREMENT=833518239815303169 DEFAULT CHARSET=utf8 COMMENT='智能家庭用户表';
/*!40101 SET character_set_client = @saved_cs_client */;

--
-- Dumping data for table `t_user`
--

LOCK TABLES `t_user` WRITE;
/*!40000 ALTER TABLE `t_user` DISABLE KEYS */;
INSERT INTO `t_user` VALUES (806015508305412096,NULL,'小豪','tcl12345678a',NULL,NULL,'453948561@qq.com','15637176202','3','2016-12-06','2016-12-07','9',NULL,NULL,'1','2016-06-13',NULL,NULL,NULL,NULL,NULL),(806027069770170368,NULL,'Cloud','qqqq1111',NULL,NULL,'837789703@qq.com','','2','2016-03-15','2017-01-11','5','http://124.251.36.88:8080/eaacc1fc766c4d40a65525f2158607ef-HeadPortrait837789703@qq.com.jpg',NULL,'1','2016-06-13',NULL,NULL,NULL,NULL,NULL),(806050439903576064,NULL,'huguoshan','qaz123456',NULL,NULL,'','13713601819','3','2016-11-14','2017-02-18','8','http://124.251.36.88:8080/e64834f56f0341398aacada551cfb6f3-head.png',NULL,'1','2016-06-13',NULL,NULL,NULL,NULL,NULL),(806072552098103296,NULL,'zxcv','qqqq1111',NULL,NULL,'46572426@qq.com','13824307121','2','2015-08-05','2016-12-07','8','http://124.251.36.88:8080/3d17ab6f67864fda9e3b3bc1d7374437-1234.jpg',NULL,'1',NULL,NULL,NULL,NULL,NULL,NULL),(806396185060311040,NULL,'刘铸的账号','qqqq1111',NULL,NULL,'','18790537923','3','2016-06-29','2016-12-07','8','http://dl.cc.tclclouds.com/swift/v1/fzl_container/usercenter/20161110/15/31/30/Uz7rm9RvWk',NULL,'1',NULL,NULL,NULL,NULL,NULL,NULL),(808203190834036736,NULL,'中国','wsf123456',NULL,NULL,'','15201068300','3','2016-02-25','2016-12-12','8','',NULL,'1',NULL,NULL,NULL,NULL,NULL,NULL),(808479028334821376,NULL,'qwertyqwerty','1qaz1qaz',NULL,NULL,'1104191190@qq.com','','2','2016-04-01','2016-12-13','5','http://dl.cc.tclclouds.com/swift/v1/fzl_container/usercenter/20160804/18/07/56/O6D8GatU2v',NULL,'1',NULL,NULL,NULL,NULL,NULL,NULL),(809302576213262336,NULL,'魏栋梁测试账号','tcl12345',NULL,NULL,'','15220171341','3','2016-11-21','2016-12-15','8','',NULL,NULL,NULL,NULL,NULL,NULL,NULL,NULL),(813999537944264704,NULL,'zhanhong1','7945370abc',NULL,NULL,'','18665930692','3','2015-08-27','2016-12-28','8','http://dl.cc.tclclouds.com/swift/v1/fzl_container/usercenter/20160901/14/38/57/hJ5lkRcozQ.jpg',NULL,NULL,NULL,NULL,NULL,NULL,NULL,NULL),(814709825500872704,NULL,'jinhua','qqqq1111',NULL,NULL,'Jinhua@tcl.com','','2','2016-03-09','2016-12-30','5','http://dl.cc.tclclouds.com/swift/v1/fzl_container/usercenter/20160824/14/33/53/u7mrwTbOlK',NULL,'1',NULL,NULL,NULL,NULL,NULL,NULL),(814773430082600960,NULL,'ffff发','1234abcd',NULL,NULL,'714122951@qq.com','18924630761','3','2015-04-22','2016-12-30','8','http://dl.tclclouds.com/swift/v1/fzl_container/usercenter/20150811/13/57/55/RCiHtnLb4Q.jpg',NULL,NULL,NULL,NULL,NULL,NULL,NULL,NULL),(817206573943226368,NULL,'zxcv','qqqq1111',NULL,NULL,'46572426@qq.com','13824307121','2','2015-08-05','2017-01-06','5','http://dl.cc.tclclouds.com/swift/v1/fzl_container/usercenter/20160628/16/46/14/xeVCXagsXZ',NULL,'1',NULL,NULL,NULL,NULL,NULL,NULL),(818381853277814784,NULL,'haha','aaaa1111',NULL,NULL,'yanzhao@tcl.com','13720456839','2','2015-09-15','2017-01-09','5','http://dl.cc.tclclouds.com/swift/v1/fzl_container/usercenter/20161103/18/47/43/RRL0TLcjjP',NULL,'1',NULL,NULL,NULL,NULL,NULL,NULL),(819741650162024448,NULL,'CK宋','schkui0622',NULL,NULL,'','13811966907','3','2016-04-27','2017-02-21','8','http://124.251.36.88:8080/19d80a0f405342d494dbd1f01b90d547-20170221141358',NULL,'1','2016-06-13',NULL,NULL,NULL,NULL,NULL),(819808464220979200,NULL,'','qqqq1111',NULL,NULL,'','18621522898','3','2016-10-17','2017-01-13','8','',NULL,'',NULL,NULL,NULL,NULL,NULL,NULL),(820877197395886080,NULL,'','963963tian',NULL,NULL,'','13111758299','3','2017-01-13','2017-01-16','8','http://dl.cc.tclclouds.com/swift/v1/fzl_container/usercenter/20170114/23/08/51/pMXVHioNdZ.jpg',NULL,'',NULL,NULL,NULL,NULL,NULL,NULL),(820884195709550592,NULL,'我是谁','1234abcd',NULL,NULL,'','15013808041','3','2016-07-21','2017-02-15','8','http://124.251.36.88:8080/c33b559d2b584b17817fe041e35920e2-head.jpg',NULL,NULL,NULL,NULL,NULL,NULL,NULL,NULL),(829204795448360960,NULL,'Tia','qqqq1111',NULL,NULL,'916174132@qq.com','','2','2016-06-21','2017-02-17','5','http://124.251.36.88:8080/9bfa816c83ea46ac9ca70602e7c89e36-20170217162118',NULL,'1',NULL,NULL,NULL,NULL,NULL,NULL),(829228283349434368,NULL,'去体检','qaz123456',NULL,NULL,'','18503078826','3','2016-11-30','2017-02-15','8','http://124.251.36.88:8080/4fbc86fce041445cb3c47c3a40f16bac-image.jpg',NULL,NULL,NULL,NULL,NULL,NULL,NULL,NULL),(831403171942236160,NULL,'','wl123456',NULL,NULL,'','18612181211','3','2016-03-01','2017-02-14','8','',NULL,'',NULL,NULL,NULL,NULL,NULL,NULL),(831772776632156160,NULL,'wu','shbc123456',NULL,NULL,'','18801195785','3','2016-03-14','2017-02-15','8','',NULL,NULL,NULL,NULL,NULL,NULL,NULL,NULL),(832044736008159232,NULL,'hwq','1234abcd',NULL,NULL,'','18610537422','3','2016-03-22','2017-02-16','8','http://dl.cc.tclclouds.com/swift/v1/fzl_container/usercenter/20161111/15/35/50/5NqgZNC0d4',NULL,NULL,NULL,NULL,NULL,NULL,NULL,NULL),(832109495495688192,NULL,'hhhg','zfuyan880706',NULL,NULL,'fuyan.zhang@tcl.com','','2','2015-05-09','2017-02-16','5','',NULL,'',NULL,NULL,NULL,NULL,NULL,NULL),(832164379003715584,NULL,'黄翔翔2号','q12345678',NULL,NULL,'','15129618522','3','2016-12-07','2017-02-16','8','',NULL,NULL,NULL,NULL,NULL,NULL,NULL,NULL),(833518239815303168,NULL,NULL,'schkui0622a',NULL,NULL,NULL,'18500232613','3','2017-02-20','2017-02-20','9',NULL,NULL,NULL,NULL,NULL,NULL,NULL,NULL,NULL);
/*!40000 ALTER TABLE `t_user` ENABLE KEYS */;
UNLOCK TABLES;

--
-- Table structure for table `test`
--

DROP TABLE IF EXISTS `test`;
/*!40101 SET @saved_cs_client     = @@character_set_client */;
/*!40101 SET character_set_client = utf8 */;
CREATE TABLE `test` (
  `id` int(11) NOT NULL AUTO_INCREMENT,
  `a` varchar(45) DEFAULT NULL,
  `b` varchar(45) DEFAULT NULL,
  PRIMARY KEY (`id`)
) ENGINE=InnoDB AUTO_INCREMENT=16 DEFAULT CHARSET=utf8;
/*!40101 SET character_set_client = @saved_cs_client */;

--
-- Dumping data for table `test`
--

LOCK TABLES `test` WRITE;
/*!40000 ALTER TABLE `test` DISABLE KEYS */;
INSERT INTO `test` VALUES (1,'1',NULL),(2,'1',NULL),(3,'asdf',NULL),(4,'asdf',NULL),(5,'asdf',NULL),(6,'asdf',NULL),(7,'asdf',NULL),(8,'asdf','qqq'),(9,'asdf','qqq'),(10,'1','1'),(11,'1','1'),(12,'1','2'),(13,'1','2'),(14,NULL,NULL),(15,NULL,NULL);
/*!40000 ALTER TABLE `test` ENABLE KEYS */;
UNLOCK TABLES;

--
-- Table structure for table `user`
--

DROP TABLE IF EXISTS `user`;
/*!40101 SET @saved_cs_client     = @@character_set_client */;
/*!40101 SET character_set_client = utf8 */;
CREATE TABLE `user` (
  `id` int(11) NOT NULL,
  `user_name` varchar(45) NOT NULL,
  `user_passwd` varchar(45) NOT NULL,
  PRIMARY KEY (`id`),
  UNIQUE KEY `id_UNIQUE` (`id`)
) ENGINE=InnoDB DEFAULT CHARSET=utf8;
/*!40101 SET character_set_client = @saved_cs_client */;

--
-- Dumping data for table `user`
--

LOCK TABLES `user` WRITE;
/*!40000 ALTER TABLE `user` DISABLE KEYS */;
INSERT INTO `user` VALUES (1,'admin','123456'),(2,'2','1'),(3,'zhanting','123456'),(4,'seconduser','123456');
/*!40000 ALTER TABLE `user` ENABLE KEYS */;
UNLOCK TABLES;

--
-- Table structure for table `user_info`
--

DROP TABLE IF EXISTS `user_info`;
/*!40101 SET @saved_cs_client     = @@character_set_client */;
/*!40101 SET character_set_client = utf8 */;
CREATE TABLE `user_info` (
  `user_id` int(11) NOT NULL,
  `name` varchar(45) DEFAULT NULL,
  `manufacture_id` varchar(45) DEFAULT NULL,
  `contact_persion` varchar(45) DEFAULT NULL,
  `phone` varchar(45) DEFAULT NULL,
  PRIMARY KEY (`user_id`),
  CONSTRAINT `fk_table1_user1` FOREIGN KEY (`user_id`) REFERENCES `user` (`id`) ON DELETE NO ACTION ON UPDATE NO ACTION
) ENGINE=InnoDB DEFAULT CHARSET=utf8;
/*!40101 SET character_set_client = @saved_cs_client */;

--
-- Dumping data for table `user_info`
--

LOCK TABLES `user_info` WRITE;
/*!40000 ALTER TABLE `user_info` DISABLE KEYS */;
INSERT INTO `user_info` VALUES (1,'陈佳琦','6924575716026','陈佳琦','13983029641'),(2,'李磊','111111112','李磊','111111111111'),(3,'展厅','0000000000000',NULL,NULL),(4,'用户','6924575716026',NULL,NULL);
/*!40000 ALTER TABLE `user_info` ENABLE KEYS */;
UNLOCK TABLES;
/*!40103 SET TIME_ZONE=@OLD_TIME_ZONE */;

/*!40101 SET SQL_MODE=@OLD_SQL_MODE */;
/*!40014 SET FOREIGN_KEY_CHECKS=@OLD_FOREIGN_KEY_CHECKS */;
/*!40014 SET UNIQUE_CHECKS=@OLD_UNIQUE_CHECKS */;
/*!40101 SET CHARACTER_SET_CLIENT=@OLD_CHARACTER_SET_CLIENT */;
/*!40101 SET CHARACTER_SET_RESULTS=@OLD_CHARACTER_SET_RESULTS */;
/*!40101 SET COLLATION_CONNECTION=@OLD_COLLATION_CONNECTION */;
/*!40111 SET SQL_NOTES=@OLD_SQL_NOTES */;

-- Dump completed on 2017-05-11 10:44:24
-- MySQL dump 10.13  Distrib 5.7.12, for Win32 (AMD64)
--
-- Host: 124.251.36.88    Database: smart_test_case
-- ------------------------------------------------------
-- Server version	5.1.73

/*!40101 SET @OLD_CHARACTER_SET_CLIENT=@@CHARACTER_SET_CLIENT */;
/*!40101 SET @OLD_CHARACTER_SET_RESULTS=@@CHARACTER_SET_RESULTS */;
/*!40101 SET @OLD_COLLATION_CONNECTION=@@COLLATION_CONNECTION */;
/*!40101 SET NAMES utf8 */;
/*!40103 SET @OLD_TIME_ZONE=@@TIME_ZONE */;
/*!40103 SET TIME_ZONE='+00:00' */;
/*!40014 SET @OLD_UNIQUE_CHECKS=@@UNIQUE_CHECKS, UNIQUE_CHECKS=0 */;
/*!40014 SET @OLD_FOREIGN_KEY_CHECKS=@@FOREIGN_KEY_CHECKS, FOREIGN_KEY_CHECKS=0 */;
/*!40101 SET @OLD_SQL_MODE=@@SQL_MODE, SQL_MODE='NO_AUTO_VALUE_ON_ZERO' */;
/*!40111 SET @OLD_SQL_NOTES=@@SQL_NOTES, SQL_NOTES=0 */;

--
-- Table structure for table `t_test_case`
--

DROP TABLE IF EXISTS `t_test_case`;
/*!40101 SET @saved_cs_client     = @@character_set_client */;
/*!40101 SET character_set_client = utf8 */;
CREATE TABLE `t_test_case` (
  `id` int(11) NOT NULL AUTO_INCREMENT,
  `controller_name` varchar(1000) DEFAULT NULL,
  `created_time` datetime DEFAULT NULL,
  `description` varchar(1000) DEFAULT NULL,
  `last_updated_time` datetime DEFAULT NULL,
  `method_name` varchar(1000) DEFAULT NULL,
  `project_name` varchar(1000) DEFAULT NULL,
  `request_json` varchar(1000) DEFAULT NULL,
  `response_json` varchar(1000) DEFAULT NULL,
  `test_case_name` varchar(1000) DEFAULT NULL,
  PRIMARY KEY (`id`)
) ENGINE=MyISAM AUTO_INCREMENT=13 DEFAULT CHARSET=utf8;
/*!40101 SET character_set_client = @saved_cs_client */;

--
-- Dumping data for table `t_test_case`
--

LOCK TABLES `t_test_case` WRITE;
/*!40000 ALTER TABLE `t_test_case` DISABLE KEYS */;
INSERT INTO `t_test_case` VALUES (1,NULL,NULL,NULL,NULL,NULL,'smart-user-center','{\"mobile\": \"15637176202\",\"businessType\": 1}','{\"status\": {\"code\": \"BS01001\",\"message\": \"success\"}}','testSendMobileVerCode'),(2,NULL,NULL,NULL,NULL,NULL,'smart-user-center','{\"mobile\":\"15637176202\",\"password\":\"12345678a\",\"verCode\":\"9457\"}','{\"status\": {\"code\": \"BS01001\",\"message\": \"success\"}}','testRegister'),(3,NULL,NULL,NULL,NULL,NULL,'smart-user-center','{\"username\":\"15637176202\",\"password\":\"12345678a\"}','{\"status\": {\"code\": \"BS01001\",\"message\": \"success\"}}','testLogin'),(5,NULL,NULL,NULL,NULL,NULL,'smart-user-center','{\"token\":\"TGT-1-ASQJNjapKphJvfc2wCoQjciHLMstsJ9Udk1lnds1MBOBzlW1Md-cas01.example.org\"}','{\"status\": {\"code\": \"BS01001\",\"message\": \"success\"}}','testLogout'),(6,NULL,NULL,NULL,NULL,NULL,'smart-user-center','{\"token\":\"TGT-65-s6qwWwZpqmKyKJwmeqxeUApwwGadoQUkwq5K9SdJAoSc9WUGQp-cas01.example.org\",\"userId\":\"806015508305412096\",\"updateUserInfo\":{\"nickname\":\"小豪\",\"sex\":\"1\",\"birthday\":\"2016-06-13\"}}','{\"status\": {\"code\": \"BS01001\",\"message\": \"success\"}}','testUpdateUserInfo'),(7,NULL,NULL,NULL,NULL,NULL,'smart-user-center','{\"token\":\"TGT-154-ER5H2pZZxyN4eiRfFmlC1dQpLV0XEAVwPSgkZFjdU46kqwPT2i-cas01.example.org\"}','{\"status\": {\"code\": \"BS01001\",\"message\": \"success\"}}','testGetUserInfo'),(8,NULL,NULL,NULL,NULL,NULL,'smart-user-center','{\"token\":\"TGT-96-6pdzQedoQHIYJQYbHRrXJOu0WaxegSL7t91UIsPgGbrzTIcdMb-cas01.example.org\",\"userId\":\"806015508305412096\",\"password\":\"tcl12345678a\",\"newPassword\":\"Abc12341235a\"}','{\"status\": {\"code\": \"BS01001\",\"message\": \"success\"}}','testUpdatePwd'),(9,NULL,NULL,NULL,NULL,NULL,'smart-user-center','{\"token\":\"TGT-12-H3DgfHxHcvvoojYAp3DLkjOFGrC7mOhgCldlbJFKfQOWRwWkUk-cas01.example.org\"}','{\"status\": {\"code\": \"BS01001\",\"message\": \"success\"}}','testCheckToken'),(10,NULL,NULL,NULL,NULL,NULL,'smart-user-center','{\"mobile\": \"13713601819\"}','{\"status\": {\"code\": \"BS01001\",\"message\": \"success\"}}','testIsMobileFree'),(11,NULL,NULL,NULL,NULL,NULL,'smart-user-center','{\"token\":\"TGT-156-UKcECvCWtRJTVsollf0aT3i1FIb2Ycx9MTNPxZqBQz3uGQjiit-cas01.example.org\",\"userId\":\"806015508305412096\",\"findUser\":{\"userKey\":\"714122951@qq.com\"}}','{\"status\": {\"code\": \"BS01001\",\"message\": \"success\"}}','testFindUser'),(12,NULL,NULL,NULL,NULL,NULL,'smart-user-center','{\"publicKey\":\"13244123fadfasdf\",\"userId\":\"806015508305412096\",\"token\":\"TGT-355-jkwNHgAQWhCByeUhOREa6VJkP5PbydEmdzeeOkN3Oagle2Xp2I-cas01.example.org\"}','{\"status\": {\"code\": \"BS01001\",\"message\": \"success\"}}','testGetSignCert');
/*!40000 ALTER TABLE `t_test_case` ENABLE KEYS */;
UNLOCK TABLES;
/*!40103 SET TIME_ZONE=@OLD_TIME_ZONE */;

/*!40101 SET SQL_MODE=@OLD_SQL_MODE */;
/*!40014 SET FOREIGN_KEY_CHECKS=@OLD_FOREIGN_KEY_CHECKS */;
/*!40014 SET UNIQUE_CHECKS=@OLD_UNIQUE_CHECKS */;
/*!40101 SET CHARACTER_SET_CLIENT=@OLD_CHARACTER_SET_CLIENT */;
/*!40101 SET CHARACTER_SET_RESULTS=@OLD_CHARACTER_SET_RESULTS */;
/*!40101 SET COLLATION_CONNECTION=@OLD_COLLATION_CONNECTION */;
/*!40111 SET SQL_NOTES=@OLD_SQL_NOTES */;

-- Dump completed on 2017-05-11 10:44:25
-- MySQL dump 10.13  Distrib 5.7.12, for Win32 (AMD64)
--
-- Host: 124.251.36.88    Database: userdb_dev1
-- ------------------------------------------------------
-- Server version	5.1.73

/*!40101 SET @OLD_CHARACTER_SET_CLIENT=@@CHARACTER_SET_CLIENT */;
/*!40101 SET @OLD_CHARACTER_SET_RESULTS=@@CHARACTER_SET_RESULTS */;
/*!40101 SET @OLD_COLLATION_CONNECTION=@@COLLATION_CONNECTION */;
/*!40101 SET NAMES utf8 */;
/*!40103 SET @OLD_TIME_ZONE=@@TIME_ZONE */;
/*!40103 SET TIME_ZONE='+00:00' */;
/*!40014 SET @OLD_UNIQUE_CHECKS=@@UNIQUE_CHECKS, UNIQUE_CHECKS=0 */;
/*!40014 SET @OLD_FOREIGN_KEY_CHECKS=@@FOREIGN_KEY_CHECKS, FOREIGN_KEY_CHECKS=0 */;
/*!40101 SET @OLD_SQL_MODE=@@SQL_MODE, SQL_MODE='NO_AUTO_VALUE_ON_ZERO' */;
/*!40111 SET @OLD_SQL_NOTES=@@SQL_NOTES, SQL_NOTES=0 */;

--
-- Table structure for table `t_user`
--

DROP TABLE IF EXISTS `t_user`;
/*!40101 SET @saved_cs_client     = @@character_set_client */;
/*!40101 SET character_set_client = utf8 */;
CREATE TABLE `t_user` (
  `user_id` bigint(11) NOT NULL AUTO_INCREMENT,
  `third_user_id` int(11) DEFAULT NULL COMMENT '第三方账户系统的userId',
  `nick_name` varchar(50) DEFAULT NULL COMMENT '昵称',
  `password` varchar(32) DEFAULT NULL COMMENT '密码',
  `name` varchar(50) DEFAULT NULL COMMENT '真实姓名',
  `id_card_no` varchar(20) DEFAULT NULL COMMENT '身份证号',
  `email` varchar(50) DEFAULT NULL COMMENT '邮件',
  `mobile` varchar(20) DEFAULT NULL COMMENT '手机',
  `register_type` char(1) NOT NULL COMMENT '注册类型',
  `register_time` date NOT NULL COMMENT '注册时间',
  `update_time` date NOT NULL COMMENT '更新时间',
  `account_status` varchar(2) NOT NULL COMMENT '1：id注册没有绑定邮箱和手机，2：id注册绑定了邮箱，3：id注册绑定了手机，4：id注册绑定了邮箱和手机，5：邮箱注册未激活，6：邮箱注册激活但没绑定手机，7：邮箱注册激活且绑定了手机 8：手机注册未激活，9：手机注册激活但没绑定邮箱，10：手机注册激活且绑定了邮箱',
  `head_pic` varchar(200) DEFAULT NULL COMMENT '头像url',
  `age` int(3) DEFAULT NULL COMMENT '年龄',
  `sex` varchar(5) DEFAULT NULL COMMENT '男女',
  `birthday` varchar(15) DEFAULT NULL COMMENT '出生日期',
  `job` varchar(20) DEFAULT NULL COMMENT '职业',
  `province` varchar(50) DEFAULT NULL COMMENT '地址-省',
  `city` varchar(50) DEFAULT NULL COMMENT '地址-市',
  `region` varchar(50) DEFAULT NULL COMMENT '地址-区',
  `account_type` char(1) DEFAULT NULL COMMENT '账户系统类型:mie:1',
  PRIMARY KEY (`user_id`),
  UNIQUE KEY `name` (`name`,`account_type`),
  KEY `idx_nameAccountType` (`name`,`account_type`)
) ENGINE=InnoDB AUTO_INCREMENT=833518239815303169 DEFAULT CHARSET=utf8 COMMENT='智能家庭用户表';
/*!40101 SET character_set_client = @saved_cs_client */;

--
-- Dumping data for table `t_user`
--

LOCK TABLES `t_user` WRITE;
/*!40000 ALTER TABLE `t_user` DISABLE KEYS */;
INSERT INTO `t_user` VALUES (806015508305412096,NULL,'小豪','tcl12345678a',NULL,NULL,'453948561@qq.com','15637176202','3','2016-12-06','2016-12-07','9',NULL,NULL,'1','2016-06-13',NULL,NULL,NULL,NULL,NULL),(806027069770170368,NULL,'Cloud','qqqq1111',NULL,NULL,'837789703@qq.com','','2','2016-03-15','2017-01-11','5','http://124.251.36.88:8080/eaacc1fc766c4d40a65525f2158607ef-HeadPortrait837789703@qq.com.jpg',NULL,'1','2016-06-13',NULL,NULL,NULL,NULL,NULL),(806050439903576064,NULL,'huguoshan','qaz123456',NULL,NULL,'','13713601819','3','2016-11-14','2017-02-18','8','http://124.251.36.88:8080/e64834f56f0341398aacada551cfb6f3-head.png',NULL,'1','2016-06-13',NULL,NULL,NULL,NULL,NULL),(806072552098103296,NULL,'zxcv','qqqq1111',NULL,NULL,'46572426@qq.com','13824307121','2','2015-08-05','2016-12-07','8','http://124.251.36.88:8080/3d17ab6f67864fda9e3b3bc1d7374437-1234.jpg',NULL,'1',NULL,NULL,NULL,NULL,NULL,NULL),(806396185060311040,NULL,'刘铸的账号','qqqq1111',NULL,NULL,'','18790537923','3','2016-06-29','2016-12-07','8','http://dl.cc.tclclouds.com/swift/v1/fzl_container/usercenter/20161110/15/31/30/Uz7rm9RvWk',NULL,'1',NULL,NULL,NULL,NULL,NULL,NULL),(808203190834036736,NULL,'中国','wsf123456',NULL,NULL,'','15201068300','3','2016-02-25','2016-12-12','8','',NULL,'1',NULL,NULL,NULL,NULL,NULL,NULL),(808479028334821376,NULL,'qwertyqwerty','1qaz1qaz',NULL,NULL,'1104191190@qq.com','','2','2016-04-01','2016-12-13','5','http://dl.cc.tclclouds.com/swift/v1/fzl_container/usercenter/20160804/18/07/56/O6D8GatU2v',NULL,'1',NULL,NULL,NULL,NULL,NULL,NULL),(809302576213262336,NULL,'魏栋梁测试账号','tcl12345',NULL,NULL,'','15220171341','3','2016-11-21','2016-12-15','8','',NULL,NULL,NULL,NULL,NULL,NULL,NULL,NULL),(813999537944264704,NULL,'zhanhong1','7945370abc',NULL,NULL,'','18665930692','3','2015-08-27','2016-12-28','8','http://dl.cc.tclclouds.com/swift/v1/fzl_container/usercenter/20160901/14/38/57/hJ5lkRcozQ.jpg',NULL,NULL,NULL,NULL,NULL,NULL,NULL,NULL),(814709825500872704,NULL,'jinhua','qqqq1111',NULL,NULL,'Jinhua@tcl.com','','2','2016-03-09','2016-12-30','5','http://dl.cc.tclclouds.com/swift/v1/fzl_container/usercenter/20160824/14/33/53/u7mrwTbOlK',NULL,'1',NULL,NULL,NULL,NULL,NULL,NULL),(814773430082600960,NULL,'ffff发','1234abcd',NULL,NULL,'714122951@qq.com','18924630761','3','2015-04-22','2016-12-30','8','http://dl.tclclouds.com/swift/v1/fzl_container/usercenter/20150811/13/57/55/RCiHtnLb4Q.jpg',NULL,NULL,NULL,NULL,NULL,NULL,NULL,NULL),(817206573943226368,NULL,'zxcv','qqqq1111',NULL,NULL,'46572426@qq.com','13824307121','2','2015-08-05','2017-01-06','5','http://dl.cc.tclclouds.com/swift/v1/fzl_container/usercenter/20160628/16/46/14/xeVCXagsXZ',NULL,'1',NULL,NULL,NULL,NULL,NULL,NULL),(818381853277814784,NULL,'haha','aaaa1111',NULL,NULL,'yanzhao@tcl.com','13720456839','2','2015-09-15','2017-01-09','5','http://dl.cc.tclclouds.com/swift/v1/fzl_container/usercenter/20161103/18/47/43/RRL0TLcjjP',NULL,'1',NULL,NULL,NULL,NULL,NULL,NULL),(819741650162024448,NULL,'CK宋','schkui0622',NULL,NULL,'','13811966907','3','2016-04-27','2017-02-21','8','http://124.251.36.88:8080/19d80a0f405342d494dbd1f01b90d547-20170221141358',NULL,'1','2016-06-13',NULL,NULL,NULL,NULL,NULL),(819808464220979200,NULL,'','qqqq1111',NULL,NULL,'','18621522898','3','2016-10-17','2017-01-13','8','',NULL,'',NULL,NULL,NULL,NULL,NULL,NULL),(820877197395886080,NULL,'','963963tian',NULL,NULL,'','13111758299','3','2017-01-13','2017-01-16','8','http://dl.cc.tclclouds.com/swift/v1/fzl_container/usercenter/20170114/23/08/51/pMXVHioNdZ.jpg',NULL,'',NULL,NULL,NULL,NULL,NULL,NULL),(820884195709550592,NULL,'我是谁','1234abcd',NULL,NULL,'','15013808041','3','2016-07-21','2017-02-15','8','http://124.251.36.88:8080/c33b559d2b584b17817fe041e35920e2-head.jpg',NULL,NULL,NULL,NULL,NULL,NULL,NULL,NULL),(829204795448360960,NULL,'Tia','qqqq1111',NULL,NULL,'916174132@qq.com','','2','2016-06-21','2017-02-17','5','http://124.251.36.88:8080/9bfa816c83ea46ac9ca70602e7c89e36-20170217162118',NULL,'1',NULL,NULL,NULL,NULL,NULL,NULL),(829228283349434368,NULL,'去体检','qaz123456',NULL,NULL,'','18503078826','3','2016-11-30','2017-02-15','8','http://124.251.36.88:8080/4fbc86fce041445cb3c47c3a40f16bac-image.jpg',NULL,NULL,NULL,NULL,NULL,NULL,NULL,NULL),(831403171942236160,NULL,'','wl123456',NULL,NULL,'','18612181211','3','2016-03-01','2017-02-14','8','',NULL,'',NULL,NULL,NULL,NULL,NULL,NULL),(831772776632156160,NULL,'wu','shbc123456',NULL,NULL,'','18801195785','3','2016-03-14','2017-02-15','8','',NULL,NULL,NULL,NULL,NULL,NULL,NULL,NULL),(832044736008159232,NULL,'hwq','1234abcd',NULL,NULL,'','18610537422','3','2016-03-22','2017-02-16','8','http://dl.cc.tclclouds.com/swift/v1/fzl_container/usercenter/20161111/15/35/50/5NqgZNC0d4',NULL,NULL,NULL,NULL,NULL,NULL,NULL,NULL),(832109495495688192,NULL,'hhhg','zfuyan880706',NULL,NULL,'fuyan.zhang@tcl.com','','2','2015-05-09','2017-02-16','5','',NULL,'',NULL,NULL,NULL,NULL,NULL,NULL),(832164379003715584,NULL,'黄翔翔2号','q12345678',NULL,NULL,'','15129618522','3','2016-12-07','2017-02-16','8','',NULL,NULL,NULL,NULL,NULL,NULL,NULL,NULL),(833518239815303168,NULL,NULL,'schkui0622a',NULL,NULL,NULL,'18500232613','3','2017-02-20','2017-02-20','9',NULL,NULL,NULL,NULL,NULL,NULL,NULL,NULL,NULL);
/*!40000 ALTER TABLE `t_user` ENABLE KEYS */;
UNLOCK TABLES;
/*!40103 SET TIME_ZONE=@OLD_TIME_ZONE */;

/*!40101 SET SQL_MODE=@OLD_SQL_MODE */;
/*!40014 SET FOREIGN_KEY_CHECKS=@OLD_FOREIGN_KEY_CHECKS */;
/*!40014 SET UNIQUE_CHECKS=@OLD_UNIQUE_CHECKS */;
/*!40101 SET CHARACTER_SET_CLIENT=@OLD_CHARACTER_SET_CLIENT */;
/*!40101 SET CHARACTER_SET_RESULTS=@OLD_CHARACTER_SET_RESULTS */;
/*!40101 SET COLLATION_CONNECTION=@OLD_COLLATION_CONNECTION */;
/*!40111 SET SQL_NOTES=@OLD_SQL_NOTES */;

-- Dump completed on 2017-05-11 10:44:25
